Date,Price,Max,Min,AvgPrice,chg,Volume,TurnoverBEST,TurnoverTotal
2025-01-17,18510.0,0.0,0.0,18510.0,0.00,0,0,0
2025-01-16,18510.0,0.0,0.0,18510.0,0.00,0,0,0
2025-01-15,18510.0,0.0,0.0,18510.0,0.00,0,0,0
2025-01-14,18510.0,0.0,0.0,18510.0,0.00,0,0,0
2025-01-13,18510.0,0.0,0.0,18510.0,0.00,0,0,0
2025-01-10,18510.0,0.0,0.0,18510.0,0.00,0,0,0
2025-01-09,18510.0,0.0,0.0,18510.0,0.00,0,0,0
2025-01-08,18510.0,0.0,0.0,18510.0,0.00,0,0,0
2025-01-03,18510.0,0.0,0.0,18510.0,0.00,0,0,0
2025-01-02,18510.0,0.0,0.0,18510.0,0.00,0,0,0
2024-12-30,18510.0,0.0,0.0,18510.0,0.00,0,0,0
2024-12-27,18510.0,0.0,0.0,18510.0,0.00,0,0,0
2024-12-26,18510.0,0.0,0.0,18510.0,0.00,0,0,0
2024-12-25,18510.0,0.0,0.0,18510.0,0.00,0,0,0
2024-12-24,18510.0,0.0,0.0,18510.0,0.00,0,0,0
2024-12-23,18510.0,0.0,0.0,18510.0,0.00,0,0,0
2024-12-20,18510.0,0.0,0.0,18510.0,0.00,0,0,0
2024-12-19,18510.0,0.0,0.0,18510.0,0.00,0,0,0
2024-12-18,18510.0,0.0,0.0,18510.0,0.00,0,0,0
2024-12-17,18510.0,0.0,0.0,18510.0,0.00,0,0,0
2024-12-16,18510.0,0.0,0.0,18510.0,0.00,0,0,0
2024-12-13,18510.0,0.0,0.0,18510.0,0.00,0,0,0
2024-12-12,18510.0,0.0,0.0,18510.0,0.00,0,0,0
2024-12-11,18510.0,0.0,0.0,18510.0,0.00,0,0,0
2024-12-10,18510.0,0.0,0.0,18510.0,0.00,0,0,0
2024-12-06,18510.0,0.0,0.0,18510.0,0.00,0,0,0
2024-12-05,18510.0,0.0,0.0,18510.0,0.00,0,0,0
2024-12-04,18510.0,0.0,0.0,18510.0,0.00,0,0,0
2024-12-03,18510.0,0.0,0.0,18510.0,0.00,0,0,0
2024-12-02,18510.0,0.0,0.0,18510.0,0.00,0,0,0
2024-11-29,18510.0,0.0,0.0,18510.0,0.00,0,0,0
2024-11-28,18510.0,0.0,0.0,18510.0,0.00,0,0,0
2024-11-27,18510.0,0.0,0.0,18510.0,0.00,0,0,0
2024-11-26,18510.0,0.0,0.0,18510.0,0.00,0,0,0
2024-11-25,18510.0,0.0,0.0,18510.0,0.00,0,0,0
2024-11-22,18510.0,0.0,0.0,18510.0,0.00,0,0,0
2024-11-21,18510.0,0.0,0.0,18510.0,0.00,0,0,0
2024-11-20,18510.0,0.0,0.0,18510.0,0.00,0,0,0
2024-11-19,18510.0,0.0,0.0,18510.0,0.00,0,0,0
2024-11-18,18510.0,0.0,0.0,18510.0,0.00,0,0,0
2024-11-15,18510.0,0.0,0.0,18510.0,0.00,0,0,0
2024-11-14,18510.0,0.0,0.0,18510.0,0.00,0,0,0
2024-11-13,18510.0,0.0,0.0,18510.0,0.00,0,0,0
2024-11-12,18510.0,0.0,0.0,18510.0,0.00,0,0,0
2024-11-11,18510.0,0.0,0.0,18510.0,0.00,0,0,0
2024-11-08,18510.0,0.0,0.0,18510.0,0.00,0,0,0
2024-11-07,18510.0,0.0,0.0,18510.0,0.00,0,0,0
2024-11-06,18510.0,0.0,0.0,18510.0,0.00,0,0,0
2024-11-05,18510.0,0.0,0.0,18510.0,0.00,0,0,0
2024-11-04,18510.0,0.0,0.0,18510.0,0.00,0,0,0
2024-11-01,18510.0,0.0,0.0,18510.0,0.00,0,0,0
2024-10-31,18510.0,0.0,0.0,18510.0,0.00,0,0,0
2024-10-30,18510.0,0.0,0.0,18510.0,0.00,0,0,0
2024-10-29,18510.0,0.0,0.0,18510.0,0.00,0,0,0
2024-10-28,18510.0,0.0,0.0,18510.0,0.00,0,0,0
2024-10-25,18510.0,0.0,0.0,18510.0,0.00,0,0,0
2024-10-24,18510.0,0.0,0.0,18510.0,0.00,0,0,0
2024-10-22,18510.0,0.0,0.0,18510.0,0.00,0,0,0
2024-10-21,18510.0,0.0,0.0,18510.0,0.00,0,0,0
2024-10-18,18510.0,0.0,0.0,18510.0,0.00,0,0,0
2024-10-17,18510.0,0.0,0.0,18510.0,0.00,0,0,0
2024-10-16,18510.0,0.0,0.0,18510.0,0.00,0,0,0
2024-10-15,18510.0,0.0,0.0,18510.0,0.00,0,0,0
2024-10-14,18510.0,0.0,0.0,18510.0,0.00,0,0,0
2024-10-10,18510.0,0.0,0.0,18510.0,0.00,0,0,0
2024-10-09,18510.0,0.0,0.0,18510.0,0.00,0,0,0
2024-10-08,18510.0,0.0,0.0,18510.0,0.00,0,0,0
2024-10-07,18510.0,0.0,0.0,18510.0,0.00,0,0,0
2024-10-04,18510.0,0.0,0.0,18510.0,0.00,0,0,0
2024-10-03,18510.0,0.0,0.0,18510.0,0.00,0,0,0
2024-10-02,18510.0,0.0,0.0,18510.0,0.00,0,0,0
2024-10-01,18510.0,0.0,0.0,18510.0,0.00,0,0,0
2024-09-30,18510.0,0.0,0.0,18510.0,0.00,0,0,0
2024-09-27,18510.0,0.0,0.0,18510.0,0.00,0,0,0
2024-09-26,18510.0,0.0,0.0,18510.0,0.00,0,0,0
2024-09-25,18510.0,0.0,0.0,18510.0,0.00,0,0,0
2024-09-24,18510.0,0.0,0.0,18510.0,0.00,0,0,0
2024-09-23,18510.0,0.0,0.0,18510.0,0.00,0,0,0
2024-09-20,18510.0,0.0,0.0,18510.0,0.00,0,0,0
2024-09-19,18510.0,0.0,0.0,18510.0,0.00,0,0,0
2024-09-18,18510.0,0.0,0.0,18510.0,0.00,0,0,0
2024-09-17,18510.0,0.0,0.0,18510.0,0.00,0,0,0
2024-09-16,18510.0,0.0,0.0,18510.0,0.00,0,0,0
2024-09-13,18510.0,0.0,0.0,18510.0,0.00,0,0,0
2024-09-12,18510.0,0.0,0.0,18510.0,0.00,0,0,0
2024-09-11,18510.0,0.0,0.0,18510.0,0.00,0,0,0
2024-09-10,18510.0,0.0,0.0,18510.0,0.00,0,0,0
2024-09-06,18510.0,0.0,0.0,18510.0,0.00,0,0,0
2024-09-05,18510.0,0.0,0.0,18510.0,0.00,0,0,0
2024-09-04,18510.0,0.0,0.0,18510.0,0.00,0,0,0
2024-09-03,18510.0,0.0,0.0,18510.0,0.00,0,0,0
2024-09-02,18510.0,0.0,0.0,18510.0,0.00,0,0,0
2024-08-30,18510.0,0.0,0.0,18510.0,0.00,0,0,0
2024-08-29,18510.0,0.0,0.0,18510.0,0.00,0,0,0
2024-08-27,18510.0,0.0,0.0,18510.0,0.00,0,0,0
2024-08-26,18510.0,0.0,0.0,18510.0,0.00,0,0,0
2024-08-23,18510.0,0.0,0.0,18510.0,0.00,0,0,0
2024-08-22,18510.0,0.0,0.0,18510.0,0.00,0,0,0
2024-08-21,18510.0,0.0,0.0,18510.0,0.00,0,0,0
2024-08-20,18510.0,0.0,0.0,18510.0,0.00,0,0,0
2024-08-19,18510.0,0.0,0.0,18510.0,0.00,0,0,0
2024-08-16,18510.0,0.0,0.0,18510.0,0.00,0,0,0
2024-08-15,18510.0,0.0,0.0,18510.0,0.00,0,0,0
2024-08-14,18510.0,0.0,0.0,18510.0,0.00,0,0,0
2024-08-13,18510.0,0.0,0.0,18510.0,0.00,0,0,0
2024-08-12,18510.0,0.0,0.0,18510.0,0.00,0,0,0
2024-08-09,18510.0,0.0,0.0,18510.0,0.00,0,0,0
2024-08-08,18510.0,0.0,0.0,18510.0,0.00,0,0,0
2024-08-07,18510.0,0.0,0.0,18510.0,0.00,0,0,0
2024-08-06,18510.0,0.0,0.0,18510.0,0.00,0,0,0
2024-08-05,18510.0,0.0,0.0,18510.0,0.00,0,0,0
2024-08-01,18510.0,0.0,0.0,18510.0,0.00,0,0,0
2024-07-31,18510.0,0.0,0.0,18510.0,0.00,0,0,0
2024-07-30,18510.0,0.0,0.0,18510.0,0.00,0,0,0
2024-07-29,18510.0,0.0,0.0,18510.0,0.00,0,0,0
2024-07-26,18510.0,0.0,0.0,18510.0,0.00,0,0,0
2024-07-25,18510.0,0.0,0.0,18510.0,0.00,0,0,0
2024-07-24,18510.0,0.0,0.0,18510.0,0.00,0,0,0
2024-07-23,18510.0,0.0,0.0,18510.0,0.00,0,0,0
2024-07-22,18510.0,0.0,0.0,18510.0,0.00,0,0,0
2024-07-19,18510.0,18510.0,18510.0,18510.0,0.00,33,"610,830","610,830"
2024-07-18,18510.0,0.0,0.0,18510.0,0.00,0,0,0
2023-12-28,18510.0,0.0,0.0,18510.0,0.00,0,0,0
2023-12-27,18510.0,0.0,0.0,18510.0,0.00,0,0,0
2023-12-26,18510.0,0.0,0.0,18510.0,0.00,0,0,0
2023-12-25,18510.0,0.0,0.0,18510.0,0.00,0,0,0
2023-12-22,18510.0,0.0,0.0,18510.0,0.00,0,0,0
2023-12-21,18510.0,0.0,0.0,18510.0,0.00,0,0,0
2023-12-20,18510.0,0.0,0.0,18510.0,0.00,0,0,0
2023-12-19,18510.0,0.0,0.0,18510.0,0.00,0,0,0
2023-12-18,18510.0,0.0,0.0,18510.0,0.00,0,0,0
2023-12-15,18510.0,0.0,0.0,18510.0,0.00,0,0,0
2023-12-14,18510.0,0.0,0.0,18510.0,0.00,0,0,0
2023-12-13,18510.0,0.0,0.0,18510.0,0.00,0,0,0
2023-12-12,18510.0,0.0,0.0,18510.0,0.00,0,0,0
2023-12-11,18510.0,0.0,0.0,18510.0,0.00,0,0,0
2023-12-07,18510.0,0.0,0.0,18510.0,0.00,0,0,0
2023-12-06,18510.0,0.0,0.0,18510.0,0.00,0,0,0
2023-12-05,18510.0,0.0,0.0,18510.0,0.00,0,0,0
2023-12-04,18510.0,0.0,0.0,18510.0,0.00,0,0,0
2023-12-01,18510.0,0.0,0.0,18510.0,0.00,0,0,0
2023-11-30,18510.0,0.0,0.0,18510.0,0.00,0,0,0
2023-11-29,18510.0,0.0,0.0,18510.0,0.00,0,0,0
2023-11-28,18510.0,0.0,0.0,18510.0,0.00,0,0,0
2023-11-27,18510.0,0.0,0.0,18510.0,0.00,0,0,0
2023-11-24,18510.0,0.0,0.0,18510.0,0.00,0,0,0
2023-11-23,18510.0,0.0,0.0,18510.0,0.00,0,0,0
2023-11-22,18510.0,0.0,0.0,18510.0,0.00,0,0,0
2023-11-21,18510.0,0.0,0.0,18510.0,0.00,0,0,0
2023-11-20,18510.0,0.0,0.0,18510.0,0.00,0,0,0
2023-11-17,18510.0,0.0,0.0,18510.0,0.00,0,0,0
2023-11-16,18510.0,0.0,0.0,18510.0,0.00,0,0,0
2023-11-15,18510.0,0.0,0.0,18510.0,0.00,0,0,0
2023-11-14,18510.0,0.0,0.0,18510.0,0.00,0,0,0
2023-11-13,18510.0,0.0,0.0,18510.0,0.00,0,0,0
2023-11-10,18510.0,0.0,0.0,18510.0,0.00,0,0,0
2023-11-09,18510.0,0.0,0.0,18510.0,0.00,0,0,0
2023-11-08,18510.0,0.0,0.0,18510.0,0.00,0,0,0
2023-11-07,18510.0,0.0,0.0,18510.0,0.00,0,0,0
2023-11-06,18510.0,0.0,0.0,18510.0,0.00,0,0,0
2023-11-03,18510.0,0.0,0.0,18510.0,0.00,0,0,0
2023-11-02,18510.0,0.0,0.0,18510.0,0.00,0,0,0
2023-11-01,18510.0,0.0,0.0,18510.0,0.00,0,0,0
2023-10-31,18510.0,0.0,0.0,18510.0,0.00,0,0,0
2023-10-30,18510.0,0.0,0.0,18510.0,0.00,0,0,0
2023-10-27,18510.0,0.0,0.0,18510.0,0.00,0,0,0
2023-10-26,18510.0,0.0,0.0,18510.0,0.00,0,0,0
2023-10-25,18510.0,0.0,0.0,18510.0,0.00,0,0,0
2023-10-24,18510.0,0.0,0.0,18510.0,0.00,0,0,0
2023-10-20,18510.0,0.0,0.0,18510.0,0.00,0,0,0
2023-10-19,18510.0,0.0,0.0,18510.0,0.00,0,0,0
2023-10-18,18510.0,0.0,0.0,18510.0,0.00,0,0,0
2023-10-17,18510.0,0.0,0.0,18510.0,0.00,0,0,0
2023-10-16,18510.0,0.0,0.0,18510.0,0.00,0,0,0
2023-10-13,18510.0,0.0,0.0,18510.0,0.00,0,0,0
2023-10-12,18510.0,0.0,0.0,18510.0,0.00,0,0,0
2023-10-10,18510.0,0.0,0.0,18510.0,0.00,0,0,0
2023-10-09,18510.0,0.0,0.0,18510.0,0.00,0,0,0
2023-10-06,18510.0,0.0,0.0,18510.0,0.00,0,0,0
2023-10-05,18510.0,0.0,0.0,18510.0,0.00,0,0,0
2023-10-04,18510.0,0.0,0.0,18510.0,0.00,0,0,0
2023-10-03,18510.0,0.0,0.0,18510.0,0.00,0,0,0
2023-10-02,18510.0,0.0,0.0,18510.0,0.00,0,0,0
2023-09-29,18510.0,0.0,0.0,18510.0,0.00,0,0,0
2023-09-28,18510.0,0.0,0.0,18510.0,0.00,0,0,0
2023-09-27,18510.0,0.0,0.0,18510.0,0.00,0,0,0
2023-09-26,18510.0,0.0,0.0,18510.0,0.00,0,0,0
2023-09-25,18510.0,0.0,0.0,18510.0,0.00,0,0,0
2023-09-22,18510.0,0.0,0.0,18510.0,0.00,0,0,0
2023-09-21,18510.0,0.0,0.0,18510.0,0.00,0,0,0
2023-09-20,18510.0,0.0,0.0,18510.0,0.00,0,0,0
2023-09-19,18510.0,0.0,0.0,18510.0,0.00,0,0,0
2023-09-18,18510.0,0.0,0.0,18510.0,0.00,0,0,0
2023-09-15,18510.0,0.0,0.0,18510.0,0.00,0,0,0
2023-09-14,18510.0,0.0,0.0,18510.0,0.00,0,0,0
2023-09-13,18510.0,0.0,0.0,18510.0,0.00,0,0,0
2023-09-12,18510.0,0.0,0.0,18510.0,0.00,0,0,0
2023-09-11,18510.0,0.0,0.0,18510.0,0.00,0,0,0
2023-09-07,18510.0,0.0,0.0,18510.0,0.00,0,0,0
2023-09-06,18510.0,0.0,0.0,18510.0,0.00,0,0,0
2023-09-05,18510.0,0.0,0.0,18510.0,0.00,0,0,0
2023-09-04,18510.0,0.0,0.0,18510.0,0.00,0,0,0
2023-09-01,18510.0,0.0,0.0,18510.0,0.00,0,0,0
2023-08-31,18510.0,0.0,0.0,18510.0,0.00,0,0,0
2023-08-30,18510.0,0.0,0.0,18510.0,0.00,0,0,0
2023-08-29,18510.0,0.0,0.0,18510.0,0.00,0,0,0
2023-08-25,18510.0,0.0,0.0,18510.0,0.00,0,0,0
2023-08-24,18510.0,0.0,0.0,18510.0,0.00,0,0,0
2023-08-23,18510.0,0.0,0.0,18510.0,0.00,0,0,0
2023-08-22,18510.0,0.0,0.0,18510.0,0.00,0,0,0
2023-08-21,18510.0,0.0,0.0,18510.0,0.00,0,0,0
2023-08-18,18510.0,0.0,0.0,18510.0,0.00,0,0,0
2023-08-17,18510.0,0.0,0.0,18510.0,0.00,0,0,0
2023-08-16,18510.0,0.0,0.0,18510.0,0.00,0,0,0
2023-08-15,18510.0,0.0,0.0,18510.0,0.00,0,0,0
2023-08-14,18510.0,0.0,0.0,18510.0,0.00,0,0,0
2023-08-11,18510.0,0.0,0.0,18510.0,0.00,0,0,0
2023-08-10,18510.0,0.0,0.0,18510.0,0.00,0,0,0
2023-08-09,18510.0,0.0,0.0,18510.0,0.00,0,0,0
2023-08-08,18510.0,0.0,0.0,18510.0,0.00,0,0,0
2023-08-07,18510.0,0.0,0.0,18510.0,0.00,0,0,0
2023-08-04,18510.0,0.0,0.0,18510.0,0.00,0,0,0
2023-08-03,18510.0,0.0,0.0,18510.0,0.00,0,0,0
2023-08-01,18510.0,0.0,0.0,18510.0,0.00,0,0,0
2023-07-31,18510.0,0.0,0.0,18510.0,0.00,0,0,0
2023-07-28,18510.0,0.0,0.0,18510.0,0.00,0,0,0
2023-07-27,18510.0,0.0,0.0,18510.0,0.00,0,0,0
2023-07-26,18510.0,0.0,0.0,18510.0,0.00,0,0,0
2023-07-25,18510.0,0.0,0.0,18510.0,0.00,0,0,0
2023-07-24,18510.0,0.0,0.0,18510.0,0.00,0,0,0
2023-07-21,18510.0,0.0,0.0,18510.0,0.00,0,0,0
2023-07-20,18510.0,0.0,0.0,18510.0,0.00,0,0,0
2023-07-19,18510.0,0.0,0.0,18510.0,0.00,0,0,0
2023-07-18,18510.0,0.0,0.0,18510.0,0.00,0,0,0
2023-07-17,18510.0,0.0,0.0,18510.0,0.00,0,0,0
2023-07-14,18510.0,0.0,0.0,18510.0,0.00,0,0,0
2023-07-13,18510.0,0.0,0.0,18510.0,0.00,0,0,0
2023-07-12,18510.0,0.0,0.0,18510.0,0.00,0,0,0
2023-07-11,18510.0,0.0,0.0,18510.0,0.00,0,0,0
2023-07-10,18510.0,0.0,0.0,18510.0,0.00,0,0,0
2023-07-07,18510.0,0.0,0.0,18510.0,0.00,0,0,0
2023-07-06,18510.0,0.0,0.0,18510.0,0.00,0,0,0
2023-07-05,18510.0,0.0,0.0,18510.0,0.00,0,0,0
2023-07-04,18510.0,0.0,0.0,18510.0,0.00,0,0,0
2023-07-03,18510.0,0.0,0.0,18510.0,0.00,0,0,0
2023-06-30,18510.0,0.0,0.0,18510.0,0.00,0,0,0
2023-06-29,18510.0,0.0,0.0,18510.0,0.00,0,0,0
2023-06-28,18510.0,0.0,0.0,18510.0,0.00,0,0,0
2023-06-27,18510.0,0.0,0.0,18510.0,0.00,0,0,0
2023-06-26,18510.0,0.0,0.0,18510.0,0.00,0,0,0
2023-06-23,18510.0,0.0,0.0,18510.0,0.00,0,0,0
2023-06-22,18510.0,0.0,0.0,18510.0,0.00,0,0,0
2023-06-21,18510.0,0.0,0.0,18510.0,0.00,0,0,0
2023-06-20,18510.0,0.0,0.0,18510.0,0.00,0,0,0
2023-06-19,18510.0,0.0,0.0,18510.0,0.00,0,0,0
2023-06-16,18510.0,0.0,0.0,18510.0,0.00,0,0,0
2023-06-15,18510.0,0.0,0.0,18510.0,0.00,0,0,0
2023-06-14,18510.0,0.0,0.0,18510.0,0.00,0,0,0
2023-06-13,18510.0,0.0,0.0,18510.0,0.00,0,0,0
2023-06-12,18510.0,0.0,0.0,18510.0,0.00,0,0,0
2023-06-09,18510.0,0.0,0.0,18510.0,0.00,0,0,0
2023-06-08,18510.0,0.0,0.0,18510.0,0.00,0,0,0
2023-06-07,18510.0,0.0,0.0,18510.0,0.00,0,0,0
2023-06-06,18510.0,0.0,0.0,18510.0,0.00,0,0,0
2023-06-05,18510.0,0.0,0.0,18510.0,0.00,0,0,0
2023-06-01,18510.0,0.0,0.0,18510.0,0.00,0,0,0
2023-05-31,18510.0,0.0,0.0,18510.0,0.00,0,0,0
2023-05-30,18510.0,0.0,0.0,18510.0,0.00,0,0,0
2023-05-29,18510.0,0.0,0.0,18510.0,0.00,0,0,0
2023-05-26,18510.0,0.0,0.0,18510.0,0.00,0,0,0
2023-05-25,18510.0,0.0,0.0,18510.0,0.00,0,0,0
2023-05-23,18510.0,0.0,0.0,18510.0,0.00,0,0,0
2023-05-22,18510.0,0.0,0.0,18510.0,0.00,0,0,0
2023-05-19,18510.0,0.0,0.0,18510.0,0.00,0,0,0
2023-05-18,18510.0,0.0,0.0,18510.0,0.00,0,0,0
2023-05-17,18510.0,0.0,0.0,18510.0,0.00,0,0,0
2023-05-16,18510.0,0.0,0.0,18510.0,0.00,0,0,0
2023-05-15,18510.0,0.0,0.0,18510.0,0.00,0,0,0
2023-05-12,18510.0,0.0,0.0,18510.0,0.00,0,0,0
2023-05-11,18510.0,0.0,0.0,18510.0,0.00,0,0,0
2023-05-10,18510.0,0.0,0.0,18510.0,0.00,0,0,0
2023-05-09,18510.0,0.0,0.0,18510.0,0.00,0,0,0
2023-05-08,18510.0,0.0,0.0,18510.0,0.00,0,0,0
2023-05-05,18510.0,0.0,0.0,18510.0,0.00,0,0,0
2023-05-04,18510.0,0.0,0.0,18510.0,0.00,0,0,0
2023-05-03,18510.0,0.0,0.0,18510.0,0.00,0,0,0
2023-05-02,18510.0,0.0,0.0,18510.0,0.00,0,0,0
2023-04-28,18510.0,0.0,0.0,18510.0,0.00,0,0,0
2023-04-27,18510.0,0.0,0.0,18510.0,0.00,0,0,0
2023-04-26,18510.0,0.0,0.0,18510.0,0.00,0,0,0
2023-04-25,18510.0,0.0,0.0,18510.0,0.00,0,0,0
2023-04-24,18510.0,0.0,0.0,18510.0,0.00,0,0,0
2023-04-20,18510.0,0.0,0.0,18510.0,0.00,0,0,0
2023-04-19,18510.0,0.0,0.0,18510.0,0.00,0,0,0
2023-04-18,18510.0,0.0,0.0,18510.0,0.00,0,0,0
2023-04-13,18510.0,0.0,0.0,18510.0,0.00,0,0,0
2023-04-12,18510.0,0.0,0.0,18510.0,0.00,0,0,0
2023-04-11,18510.0,0.0,0.0,18510.0,0.00,0,0,0
2023-04-10,18510.0,0.0,0.0,18510.0,0.00,0,0,0
2023-04-07,18510.0,0.0,0.0,18510.0,0.00,0,0,0
2023-04-06,18510.0,0.0,0.0,18510.0,0.00,0,0,0
2023-04-05,18510.0,0.0,0.0,18510.0,0.00,0,0,0
2023-04-04,18510.0,0.0,0.0,18510.0,0.00,0,0,0
2023-04-03,18510.0,0.0,0.0,18510.0,0.00,0,0,0
2023-03-31,18510.0,0.0,0.0,18510.0,0.00,0,0,0
2023-03-30,18510.0,0.0,0.0,18510.0,0.00,0,0,0
2023-03-29,18510.0,0.0,0.0,18510.0,0.00,0,0,0
2023-03-28,18510.0,0.0,0.0,18510.0,0.00,0,0,0
2023-03-27,18510.0,0.0,0.0,18510.0,0.00,0,0,0
2023-03-24,18510.0,0.0,0.0,18510.0,0.00,0,0,0
2023-03-23,18510.0,0.0,0.0,18510.0,0.00,0,0,0
2023-03-22,18510.0,0.0,0.0,18510.0,0.00,0,0,0
2023-03-21,18510.0,0.0,0.0,18510.0,0.00,0,0,0
2023-03-20,18510.0,0.0,0.0,18510.0,0.00,0,0,0
2023-03-17,18510.0,0.0,0.0,18510.0,0.00,0,0,0
2023-03-16,18510.0,0.0,0.0,18510.0,0.00,0,0,0
2023-03-15,18510.0,0.0,0.0,18510.0,0.00,0,0,0
2023-03-14,18510.0,0.0,0.0,18510.0,0.00,0,0,0
2023-03-13,18510.0,0.0,0.0,18510.0,0.00,0,0,0
2023-03-10,18510.0,0.0,0.0,18510.0,0.00,0,0,0
2023-03-09,18510.0,0.0,0.0,18510.0,0.00,0,0,0
2023-03-08,18510.0,0.0,0.0,18510.0,0.00,0,0,0
2023-03-07,18510.0,0.0,0.0,18510.0,0.00,0,0,0
2023-03-06,18510.0,0.0,0.0,18510.0,0.00,0,0,0
2023-03-03,18510.0,0.0,0.0,18510.0,0.00,0,0,0
2023-03-02,18510.0,0.0,0.0,18510.0,0.00,0,0,0
2023-03-01,18510.0,0.0,0.0,18510.0,0.00,0,0,0
2023-02-28,18510.0,0.0,0.0,18510.0,0.00,0,0,0
2023-02-27,18510.0,0.0,0.0,18510.0,0.00,0,0,0
2023-02-24,18510.0,0.0,0.0,18510.0,0.00,0,0,0
2023-02-23,18510.0,0.0,0.0,18510.0,0.00,0,0,0
2023-02-22,18510.0,0.0,0.0,18510.0,0.00,0,0,0
2023-02-21,18510.0,0.0,0.0,18510.0,0.00,0,0,0
2023-02-20,18510.0,0.0,0.0,18510.0,0.00,0,0,0
2023-02-17,18510.0,0.0,0.0,18510.0,0.00,0,0,0
2023-02-16,18510.0,0.0,0.0,18510.0,0.00,0,0,0
2023-02-15,18510.0,0.0,0.0,18510.0,0.00,0,0,0
2023-02-14,18510.0,0.0,0.0,18510.0,0.00,0,0,0
2023-02-13,18510.0,0.0,0.0,18510.0,0.00,0,0,0
2023-02-10,18510.0,0.0,0.0,18510.0,0.00,0,0,0
2023-02-09,18510.0,0.0,0.0,18510.0,0.00,0,0,0
2023-02-08,18510.0,0.0,0.0,18510.0,0.00,0,0,0
2023-02-07,18510.0,0.0,0.0,18510.0,0.00,0,0,0
2023-02-06,18510.0,0.0,0.0,18510.0,0.00,0,0,0
2023-02-03,18510.0,0.0,0.0,18510.0,0.00,0,0,0
2023-02-02,18510.0,0.0,0.0,18510.0,0.00,0,0,0
2023-02-01,18510.0,0.0,0.0,18510.0,0.00,0,0,0
2023-01-31,18510.0,0.0,0.0,18510.0,0.00,0,0,0
2023-01-30,18510.0,0.0,0.0,18510.0,0.00,0,0,0
2023-01-27,18510.0,0.0,0.0,18510.0,0.00,0,0,0
2023-01-26,18510.0,0.0,0.0,18510.0,0.00,0,0,0
2023-01-25,18510.0,0.0,0.0,18510.0,0.00,0,0,0
2023-01-24,18510.0,0.0,0.0,18510.0,0.00,0,0,0
2023-01-23,18510.0,0.0,0.0,18510.0,0.00,0,0,0
2023-01-20,18510.0,0.0,0.0,18510.0,0.00,0,0,0
2023-01-18,18510.0,0.0,0.0,18510.0,0.00,0,0,0
2023-01-17,18510.0,0.0,0.0,18510.0,0.00,0,0,0
2023-01-16,18510.0,0.0,0.0,18510.0,0.00,0,0,0
2023-01-13,18510.0,0.0,0.0,18510.0,0.00,0,0,0
2023-01-12,18510.0,0.0,0.0,18510.0,0.00,0,0,0
2023-01-11,18510.0,0.0,0.0,18510.0,0.00,0,0,0
2023-01-10,18510.0,0.0,0.0,18510.0,0.00,0,0,0
2023-01-09,18510.0,0.0,0.0,18510.0,0.00,0,0,0
2023-01-05,18510.0,0.0,0.0,18510.0,0.00,0,0,0
2023-01-04,18510.0,0.0,0.0,18510.0,0.00,0,0,0
2023-01-03,18510.0,0.0,0.0,18510.0,0.00,0,0,0
2022-12-29,18510.0,0.0,0.0,18510.0,0.00,0,0,0
2022-12-28,18510.0,0.0,0.0,18510.0,0.00,0,0,0
2022-12-27,18510.0,0.0,0.0,18510.0,0.00,0,0,0
2022-12-26,18510.0,0.0,0.0,18510.0,0.00,0,0,0
2022-12-23,18510.0,0.0,0.0,18510.0,0.00,0,0,0
2022-12-22,18510.0,0.0,0.0,18510.0,0.00,0,0,0
2022-12-21,18510.0,0.0,0.0,18510.0,0.00,0,0,0
2022-12-20,18510.0,0.0,0.0,18510.0,0.00,0,0,0
2022-12-19,18510.0,0.0,0.0,18510.0,0.00,0,0,0
2022-12-16,18510.0,0.0,0.0,18510.0,0.00,0,0,0
2022-12-15,18510.0,0.0,0.0,18510.0,0.00,0,0,0
2022-12-14,18510.0,0.0,0.0,18510.0,0.00,0,0,0
2022-12-13,18510.0,0.0,0.0,18510.0,0.00,0,0,0
2022-12-12,18510.0,0.0,0.0,18510.0,0.00,0,0,0
2022-12-09,18510.0,0.0,0.0,18510.0,0.00,0,0,0
2022-12-07,18510.0,0.0,0.0,18510.0,0.00,0,0,0
2022-12-06,18510.0,0.0,0.0,18510.0,0.00,0,0,0
2022-12-05,18510.0,0.0,0.0,18510.0,0.00,0,0,0
2022-12-02,18510.0,0.0,0.0,18510.0,0.00,0,0,0
2022-12-01,18510.0,0.0,0.0,18510.0,0.00,0,0,0
2022-11-30,18510.0,0.0,0.0,18510.0,0.00,0,0,0
2022-11-29,18510.0,0.0,0.0,18510.0,0.00,0,0,0
2022-11-28,18510.0,0.0,0.0,18510.0,0.00,0,0,0
2022-11-25,18510.0,0.0,0.0,18510.0,0.00,0,0,0
2022-11-24,18510.0,0.0,0.0,18510.0,0.00,0,0,0
2022-11-23,18510.0,0.0,0.0,18510.0,0.00,0,0,0
2022-11-22,18510.0,0.0,0.0,18510.0,0.00,0,0,0
2022-11-21,18510.0,0.0,0.0,18510.0,0.00,0,0,0
2022-11-18,18510.0,0.0,0.0,18510.0,0.00,0,0,0
2022-11-17,18510.0,0.0,0.0,18510.0,0.00,0,0,0
2022-11-16,18510.0,0.0,0.0,18510.0,0.00,0,0,0
2022-11-15,18510.0,0.0,0.0,18510.0,0.00,0,0,0
2022-11-14,18510.0,0.0,0.0,18510.0,0.00,0,0,0
2022-11-11,18510.0,0.0,0.0,18510.0,0.00,0,0,0
2022-11-10,18510.0,0.0,0.0,18510.0,0.00,0,0,0
2022-11-09,18510.0,0.0,0.0,18510.0,0.00,0,0,0
2022-11-08,18510.0,0.0,0.0,18510.0,0.00,0,0,0
2022-11-07,18510.0,0.0,0.0,18510.0,0.00,0,0,0
2022-11-04,18510.0,0.0,0.0,18510.0,0.00,0,0,0
2022-11-03,18510.0,0.0,0.0,18510.0,0.00,0,0,0
2022-11-02,18510.0,0.0,0.0,18510.0,0.00,0,0,0
2022-11-01,18510.0,0.0,0.0,18510.0,0.00,0,0,0
2022-10-31,18510.0,0.0,0.0,18510.0,0.00,0,0,0
2022-10-28,18510.0,0.0,0.0,18510.0,0.00,0,0,0
2022-10-27,18510.0,0.0,0.0,18510.0,0.00,0,0,0
2022-10-26,18510.0,0.0,0.0,18510.0,0.00,0,0,0
2022-10-25,18510.0,0.0,0.0,18510.0,0.00,0,0,0
2022-10-21,18510.0,0.0,0.0,18510.0,0.00,0,0,0
2022-10-20,18510.0,0.0,0.0,18510.0,0.00,0,0,0
2022-10-19,18510.0,0.0,0.0,18510.0,0.00,0,0,0
2022-10-18,18510.0,0.0,0.0,18510.0,0.00,0,0,0
2022-10-17,18510.0,0.0,0.0,18510.0,0.00,0,0,0
2022-10-14,18510.0,0.0,0.0,18510.0,0.00,0,0,0
2022-10-13,18510.0,0.0,0.0,18510.0,0.00,0,0,0
2022-10-12,18510.0,0.0,0.0,18510.0,0.00,0,0,0
2022-10-10,18510.0,0.0,0.0,18510.0,0.00,0,0,0
2022-10-07,18510.0,0.0,0.0,18510.0,0.00,0,0,0
2022-10-06,18510.0,0.0,0.0,18510.0,0.00,0,0,0
2022-10-05,18510.0,0.0,0.0,18510.0,0.00,0,0,0
2022-10-04,18510.0,0.0,0.0,18510.0,0.00,0,0,0
2022-10-03,18510.0,18510.0,18510.0,18510.0,0.00,15,"277,650","277,650"
2020-12-30,18510.0,0.0,0.0,18510.0,0.00,0,0,0
2020-12-29,18510.0,0.0,0.0,18510.0,0.00,0,0,0
2020-12-28,18510.0,0.0,0.0,18510.0,0.00,0,0,0
2020-12-25,18510.0,0.0,0.0,18510.0,0.00,0,0,0
2020-12-24,18510.0,0.0,0.0,18510.0,0.00,0,0,0
2020-12-23,18510.0,0.0,0.0,18510.0,0.00,0,0,0
2020-12-22,18510.0,0.0,0.0,18510.0,0.00,0,0,0
2020-12-21,18510.0,0.0,0.0,18510.0,0.00,0,0,0
2020-12-18,18510.0,0.0,0.0,18510.0,0.00,0,0,0
2020-12-17,18510.0,0.0,0.0,18510.0,0.00,0,0,0
2020-12-16,18510.0,0.0,0.0,18510.0,0.00,0,0,0
2020-12-15,18510.0,0.0,0.0,18510.0,0.00,0,0,0
2020-12-14,18510.0,0.0,0.0,18510.0,0.00,0,0,0
2020-12-11,18510.0,0.0,0.0,18510.0,0.00,0,0,0
2020-12-10,18510.0,0.0,0.0,18510.0,0.00,0,0,0
2020-12-09,18510.0,0.0,0.0,18510.0,0.00,0,0,0
2020-12-07,18510.0,0.0,0.0,18510.0,0.00,0,0,0
2020-12-04,18510.0,0.0,0.0,18510.0,0.00,0,0,0
2020-12-03,18510.0,0.0,0.0,18510.0,0.00,0,0,0
2020-12-02,18510.0,0.0,0.0,18510.0,0.00,0,0,0
2020-12-01,18510.0,0.0,0.0,18510.0,0.00,0,0,0
2020-11-30,18510.0,0.0,0.0,18510.0,0.00,0,0,0
2020-11-27,18510.0,0.0,0.0,18510.0,0.00,0,0,0
2020-11-26,18510.0,0.0,0.0,18510.0,0.00,0,0,0
2020-11-25,18510.0,0.0,0.0,18510.0,0.00,0,0,0
2020-11-24,18510.0,0.0,0.0,18510.0,0.00,0,0,0
2020-11-23,18510.0,0.0,0.0,18510.0,0.00,0,0,0
2020-11-20,18510.0,0.0,0.0,18510.0,0.00,0,0,0
2020-11-19,18510.0,0.0,0.0,18510.0,0.00,0,0,0
2020-11-18,18510.0,0.0,0.0,18510.0,0.00,0,0,0
2020-11-17,18510.0,0.0,0.0,18510.0,0.00,0,0,0
2020-11-16,18510.0,0.0,0.0,18510.0,0.00,0,0,0
2020-11-13,18510.0,0.0,0.0,18510.0,0.00,0,0,0
2020-11-12,18510.0,0.0,0.0,18510.0,0.00,0,0,0
2020-11-11,18510.0,0.0,0.0,18510.0,0.00,0,0,0
2020-11-10,18510.0,0.0,0.0,18510.0,0.00,0,0,0
2020-11-09,18510.0,0.0,0.0,18510.0,0.00,0,0,0
2020-11-06,18510.0,0.0,0.0,18510.0,0.00,0,0,0
2020-11-05,18510.0,0.0,0.0,18510.0,0.00,0,0,0
2020-11-04,18510.0,0.0,0.0,18510.0,0.00,0,0,0
2020-11-03,18510.0,0.0,0.0,18510.0,0.00,0,0,0
2020-11-02,18510.0,0.0,0.0,18510.0,0.00,0,0,0
2020-10-30,18510.0,0.0,0.0,18510.0,0.00,0,0,0
2020-10-29,18510.0,0.0,0.0,18510.0,0.00,0,0,0
2020-10-28,18510.0,0.0,0.0,18510.0,0.00,0,0,0
2020-10-27,18510.0,0.0,0.0,18510.0,0.00,0,0,0
2020-10-26,18510.0,0.0,0.0,18510.0,0.00,0,0,0
2020-10-22,18510.0,0.0,0.0,18510.0,0.00,0,0,0
2020-10-21,18510.0,0.0,0.0,18510.0,0.00,0,0,0
2020-10-20,18510.0,0.0,0.0,18510.0,0.00,0,0,0
2020-10-19,18510.0,0.0,0.0,18510.0,0.00,0,0,0
2020-10-16,18510.0,0.0,0.0,18510.0,0.00,0,0,0
2020-10-15,18510.0,0.0,0.0,18510.0,0.00,0,0,0
2020-10-14,18510.0,0.0,0.0,18510.0,0.00,0,0,0
2020-10-13,18510.0,0.0,0.0,18510.0,0.00,0,0,0
2020-10-09,18510.0,0.0,0.0,18510.0,0.00,0,0,0
2020-10-08,18510.0,0.0,0.0,18510.0,0.00,0,0,0
2020-10-07,18510.0,0.0,0.0,18510.0,0.00,0,0,0
2020-10-06,18510.0,0.0,0.0,18510.0,0.00,0,0,0
2020-10-05,18510.0,0.0,0.0,18510.0,0.00,0,0,0
2020-10-02,18510.0,0.0,0.0,18510.0,0.00,0,0,0
2020-10-01,18510.0,0.0,0.0,18510.0,0.00,0,0,0
2020-09-30,18510.0,0.0,0.0,18510.0,0.00,0,0,0
2020-09-29,18510.0,0.0,0.0,18510.0,0.00,0,0,0
2020-09-28,18510.0,0.0,0.0,18510.0,0.00,0,0,0
2020-09-25,18510.0,0.0,0.0,18510.0,0.00,0,0,0
2020-09-24,18510.0,0.0,0.0,18510.0,0.00,0,0,0
2020-09-23,18510.0,0.0,0.0,18510.0,0.00,0,0,0
2020-09-22,18510.0,0.0,0.0,18510.0,0.00,0,0,0
2020-09-21,18510.0,0.0,0.0,18510.0,0.00,0,0,0
2020-09-18,18510.0,0.0,0.0,18510.0,0.00,0,0,0
2020-09-17,18510.0,0.0,0.0,18510.0,0.00,0,0,0
2020-09-16,18510.0,0.0,0.0,18510.0,0.00,0,0,0
2020-09-15,18510.0,0.0,0.0,18510.0,0.00,0,0,0
2020-09-14,18510.0,0.0,0.0,18510.0,0.00,0,0,0
2020-09-11,18510.0,0.0,0.0,18510.0,0.00,0,0,0
2020-09-10,18510.0,0.0,0.0,18510.0,0.00,0,0,0
2020-09-09,18510.0,0.0,0.0,18510.0,0.00,0,0,0
2020-09-07,18510.0,0.0,0.0,18510.0,0.00,0,0,0
2020-09-04,18510.0,0.0,0.0,18510.0,0.00,0,0,0
2020-09-03,18510.0,0.0,0.0,18510.0,0.00,0,0,0
2020-09-02,18510.0,0.0,0.0,18510.0,0.00,0,0,0
2020-09-01,18510.0,0.0,0.0,18510.0,0.00,0,0,0
2020-08-31,18510.0,0.0,0.0,18510.0,0.00,0,0,0
2020-08-27,18510.0,0.0,0.0,18510.0,0.00,0,0,0
2020-08-26,18510.0,0.0,0.0,18510.0,0.00,0,0,0
2020-08-25,18510.0,0.0,0.0,18510.0,0.00,0,0,0
2020-08-24,18510.0,0.0,0.0,18510.0,0.00,0,0,0
2020-08-21,18510.0,0.0,0.0,18510.0,0.00,0,0,0
2020-08-20,18510.0,0.0,0.0,18510.0,0.00,0,0,0
2020-08-19,18510.0,0.0,0.0,18510.0,0.00,0,0,0
2020-08-18,18510.0,0.0,0.0,18510.0,0.00,0,0,0
2020-08-17,18510.0,0.0,0.0,18510.0,0.00,0,0,0
2020-08-14,18510.0,0.0,0.0,18510.0,0.00,0,0,0
2020-08-13,18510.0,0.0,0.0,18510.0,0.00,0,0,0
2020-08-12,18510.0,0.0,0.0,18510.0,0.00,0,0,0
2020-08-11,18510.0,0.0,0.0,18510.0,0.00,0,0,0
2020-08-10,18510.0,0.0,0.0,18510.0,0.00,0,0,0
2020-08-07,18510.0,0.0,0.0,18510.0,0.00,0,0,0
2020-08-06,18510.0,0.0,0.0,18510.0,0.00,0,0,0
2020-08-05,18510.0,0.0,0.0,18510.0,0.00,0,0,0
2020-08-04,18510.0,0.0,0.0,18510.0,0.00,0,0,0
2020-07-31,18510.0,0.0,0.0,18510.0,0.00,0,0,0
2020-07-30,18510.0,0.0,0.0,18510.0,0.00,0,0,0
2020-07-29,18510.0,0.0,0.0,18510.0,0.00,0,0,0
2020-07-28,18510.0,0.0,0.0,18510.0,0.00,0,0,0
2020-07-27,18510.0,0.0,0.0,18510.0,0.00,0,0,0
2020-07-24,18510.0,0.0,0.0,18510.0,0.00,0,0,0
2020-07-23,18510.0,0.0,0.0,18510.0,0.00,0,0,0
2020-07-22,18510.0,0.0,0.0,18510.0,0.00,0,0,0
2020-07-21,18510.0,0.0,0.0,18510.0,0.00,0,0,0
2020-07-20,18510.0,0.0,0.0,18510.0,0.00,0,0,0
2020-07-17,18510.0,0.0,0.0,18510.0,0.00,0,0,0
2020-07-16,18510.0,0.0,0.0,18510.0,0.00,0,0,0
2020-07-14,18510.0,0.0,0.0,18510.0,0.00,0,0,0
2020-07-13,18510.0,0.0,0.0,18510.0,0.00,0,0,0
2020-07-10,18510.0,0.0,0.0,18510.0,0.00,0,0,0
2020-07-09,18510.0,0.0,0.0,18510.0,0.00,0,0,0
2020-07-08,18510.0,0.0,0.0,18510.0,0.00,0,0,0
2020-07-07,18510.0,0.0,0.0,18510.0,0.00,0,0,0
2020-07-06,18510.0,0.0,0.0,18510.0,0.00,0,0,0
2020-07-03,18510.0,0.0,0.0,18510.0,0.00,0,0,0
2020-07-02,18510.0,0.0,0.0,18510.0,0.00,0,0,0
2020-07-01,18510.0,0.0,0.0,18510.0,0.00,0,0,0
2020-06-30,18510.0,0.0,0.0,18510.0,0.00,0,0,0
2020-06-29,18510.0,0.0,0.0,18510.0,0.00,0,0,0
2020-06-26,18510.0,0.0,0.0,18510.0,0.00,0,0,0
2020-06-25,18510.0,0.0,0.0,18510.0,0.00,0,0,0
2020-06-24,18510.0,0.0,0.0,18510.0,0.00,0,0,0
2020-06-23,18510.0,0.0,0.0,18510.0,0.00,0,0,0
2020-06-22,18510.0,0.0,0.0,18510.0,0.00,0,0,0
2020-06-19,18510.0,0.0,0.0,18510.0,0.00,0,0,0
2020-06-18,18510.0,0.0,0.0,18510.0,0.00,0,0,0
2020-06-17,18510.0,0.0,0.0,18510.0,0.00,0,0,0
2020-06-16,18510.0,0.0,0.0,18510.0,0.00,0,0,0
2020-06-15,18510.0,0.0,0.0,18510.0,0.00,0,0,0
2020-06-12,18510.0,0.0,0.0,18510.0,0.00,0,0,0
2020-06-11,18510.0,0.0,0.0,18510.0,0.00,0,0,0
2020-06-10,18510.0,0.0,0.0,18510.0,0.00,0,0,0
2020-06-09,18510.0,0.0,0.0,18510.0,0.00,0,0,0
2020-06-08,18510.0,0.0,0.0,18510.0,0.00,0,0,0
2020-06-04,18510.0,0.0,0.0,18510.0,0.00,0,0,0
2020-06-03,18510.0,0.0,0.0,18510.0,0.00,0,0,0
2020-06-02,18510.0,0.0,0.0,18510.0,0.00,0,0,0
2020-06-01,18510.0,0.0,0.0,18510.0,0.00,0,0,0
2020-05-29,18510.0,0.0,0.0,18510.0,0.00,0,0,0
2020-05-28,18510.0,0.0,0.0,18510.0,0.00,0,0,0
2020-05-27,18510.0,0.0,0.0,18510.0,0.00,0,0,0
2020-05-26,18510.0,0.0,0.0,18510.0,0.00,0,0,0
2020-05-22,18510.0,0.0,0.0,18510.0,0.00,0,0,0
2020-05-21,18510.0,0.0,0.0,18510.0,0.00,0,0,0
2020-05-20,18510.0,0.0,0.0,18510.0,0.00,0,0,0
2020-05-19,18510.0,0.0,0.0,18510.0,0.00,0,0,0
2020-05-18,18510.0,0.0,0.0,18510.0,0.00,0,0,0
2020-05-15,18510.0,0.0,0.0,18510.0,0.00,0,0,0
2020-05-14,18510.0,0.0,0.0,18510.0,0.00,0,0,0
2020-05-13,18510.0,0.0,0.0,18510.0,0.00,0,0,0
2020-05-12,18510.0,0.0,0.0,18510.0,0.00,0,0,0
2020-05-11,18510.0,0.0,0.0,18510.0,0.00,0,0,0
2020-05-08,18510.0,0.0,0.0,18510.0,0.00,0,0,0
2020-05-07,18510.0,0.0,0.0,18510.0,0.00,0,0,0
2020-05-06,18510.0,0.0,0.0,18510.0,0.00,0,0,0
2020-05-05,18510.0,0.0,0.0,18510.0,0.00,0,0,0
2020-05-04,18510.0,0.0,0.0,18510.0,0.00,0,0,0
2020-04-30,18510.0,0.0,0.0,18510.0,0.00,0,0,0
2020-04-29,18510.0,0.0,0.0,18510.0,0.00,0,0,0
2020-04-28,18510.0,0.0,0.0,18510.0,0.00,0,0,0
2020-04-27,18510.0,0.0,0.0,18510.0,0.00,0,0,0
2020-04-24,18510.0,0.0,0.0,18510.0,0.00,0,0,0
2020-04-23,18510.0,0.0,0.0,18510.0,0.00,0,0,0
2020-04-22,18510.0,0.0,0.0,18510.0,0.00,0,0,0
2020-04-21,18510.0,0.0,0.0,18510.0,0.00,0,0,0
2020-04-16,18510.0,0.0,0.0,18510.0,0.00,0,0,0
2020-04-15,18510.0,0.0,0.0,18510.0,0.00,0,0,0
2020-04-14,18510.0,0.0,0.0,18510.0,0.00,0,0,0
2020-04-13,18510.0,0.0,0.0,18510.0,0.00,0,0,0
2020-04-10,18510.0,0.0,0.0,18510.0,0.00,0,0,0
2020-04-09,18510.0,0.0,0.0,18510.0,0.00,0,0,0
2020-04-08,18510.0,0.0,0.0,18510.0,0.00,0,0,0
2020-04-07,18510.0,0.0,0.0,18510.0,0.00,0,0,0
2020-04-06,18510.0,0.0,0.0,18510.0,0.00,0,0,0
2020-04-03,18510.0,0.0,0.0,18510.0,0.00,0,0,0
2020-04-02,18510.0,0.0,0.0,18510.0,0.00,0,0,0
2020-04-01,18510.0,0.0,0.0,18510.0,0.00,0,0,0
2020-03-31,18510.0,0.0,0.0,18510.0,0.00,0,0,0
2020-03-30,18510.0,0.0,0.0,18510.0,0.00,0,0,0
2020-03-27,18510.0,0.0,0.0,18510.0,0.00,0,0,0
2020-03-26,18510.0,0.0,0.0,18510.0,0.00,0,0,0
2020-03-25,18510.0,0.0,0.0,18510.0,0.00,0,0,0
2020-03-24,18510.0,0.0,0.0,18510.0,0.00,0,0,0
2020-03-23,18510.0,0.0,0.0,18510.0,0.00,0,0,0
2020-03-20,18510.0,0.0,0.0,18510.0,0.00,0,0,0
2020-03-19,18510.0,0.0,0.0,18510.0,0.00,0,0,0
2020-03-18,18510.0,0.0,0.0,18510.0,0.00,0,0,0
2020-03-17,18510.0,0.0,0.0,18510.0,0.00,0,0,0
2020-03-16,18510.0,0.0,0.0,18510.0,0.00,0,0,0
2020-03-13,18510.0,0.0,0.0,18510.0,0.00,0,0,0
2020-03-12,18510.0,0.0,0.0,18510.0,0.00,0,0,0
2020-03-11,18510.0,0.0,0.0,18510.0,0.00,0,0,0
2020-03-10,18510.0,0.0,0.0,18510.0,0.00,0,0,0
2020-03-09,18510.0,0.0,0.0,18510.0,0.00,0,0,0
2020-03-06,18510.0,0.0,0.0,18510.0,0.00,0,0,0
2020-03-05,18510.0,0.0,0.0,18510.0,0.00,0,0,0
2020-03-04,18510.0,0.0,0.0,18510.0,0.00,0,0,0
2020-03-03,18510.0,0.0,0.0,18510.0,0.00,0,0,0
2020-03-02,18510.0,0.0,0.0,18510.0,0.00,0,0,0
2020-02-28,18510.0,0.0,0.0,18510.0,0.00,0,0,0
2020-02-27,18510.0,0.0,0.0,18510.0,0.00,0,0,0
2020-02-26,18510.0,0.0,0.0,18510.0,0.00,0,0,0
2020-02-25,18510.0,0.0,0.0,18510.0,0.00,0,0,0
2020-02-24,18510.0,0.0,0.0,18510.0,0.00,0,0,0
2020-02-21,18510.0,0.0,0.0,18510.0,0.00,0,0,0
2020-02-20,18510.0,0.0,0.0,18510.0,0.00,0,0,0
2020-02-19,18510.0,0.0,0.0,18510.0,0.00,0,0,0
2020-02-18,18510.0,0.0,0.0,18510.0,0.00,0,0,0
2020-02-17,18510.0,0.0,0.0,18510.0,0.00,0,0,0
2020-02-14,18510.0,0.0,0.0,18510.0,0.00,0,0,0
2020-02-13,18510.0,0.0,0.0,18510.0,0.00,0,0,0
2020-02-12,18510.0,0.0,0.0,18510.0,0.00,0,0,0
2020-02-11,18510.0,0.0,0.0,18510.0,0.00,0,0,0
2020-02-10,18510.0,0.0,0.0,18510.0,0.00,0,0,0
2020-02-07,18510.0,0.0,0.0,18510.0,0.00,0,0,0
2020-02-06,18510.0,0.0,0.0,18510.0,0.00,0,0,0
2020-02-05,18510.0,0.0,0.0,18510.0,0.00,0,0,0
2020-02-04,18510.0,0.0,0.0,18510.0,0.00,0,0,0
2020-02-03,18510.0,0.0,0.0,18510.0,0.00,0,0,0
2020-01-31,18510.0,0.0,0.0,18510.0,0.00,0,0,0
2020-01-30,18510.0,0.0,0.0,18510.0,0.00,0,0,0
2020-01-29,18510.0,0.0,0.0,18510.0,0.00,0,0,0
2020-01-28,18510.0,0.0,0.0,18510.0,0.00,0,0,0
2020-01-27,18510.0,0.0,0.0,18510.0,0.00,0,0,0
2020-01-24,18510.0,0.0,0.0,18510.0,0.00,0,0,0
2020-01-23,18510.0,0.0,0.0,18510.0,0.00,0,0,0
2020-01-22,18510.0,0.0,0.0,18510.0,0.00,0,0,0
2020-01-21,18510.0,0.0,0.0,18510.0,0.00,0,0,0
2020-01-20,18510.0,0.0,0.0,18510.0,0.00,0,0,0
2020-01-17,18510.0,0.0,0.0,18510.0,0.00,0,0,0
2020-01-16,18510.0,0.0,0.0,18510.0,0.00,0,0,0
2020-01-15,18510.0,0.0,0.0,18510.0,0.00,0,0,0
2020-01-14,18510.0,0.0,0.0,18510.0,0.00,0,0,0
2020-01-13,18510.0,0.0,0.0,18510.0,0.00,0,0,0
2020-01-10,18510.0,0.0,0.0,18510.0,0.00,0,0,0
2020-01-09,18510.0,0.0,0.0,18510.0,0.00,0,0,0
2020-01-08,18510.0,0.0,0.0,18510.0,0.00,0,0,0
2020-01-03,18510.0,0.0,0.0,18510.0,0.00,0,0,0
2020-01-02,18510.0,0.0,0.0,18510.0,0.00,0,0,0
2019-12-30,18510.0,0.0,0.0,18510.0,0.00,0,0,0
2019-12-27,18510.0,0.0,0.0,18510.0,0.00,0,0,0
2019-12-26,18510.0,0.0,0.0,18510.0,0.00,0,0,0
2019-12-25,18510.0,0.0,0.0,18510.0,0.00,0,0,0
2019-12-24,18510.0,0.0,0.0,18510.0,0.00,0,0,0
2019-12-23,18510.0,0.0,0.0,18510.0,0.00,0,0,0
2019-12-20,18510.0,0.0,0.0,18510.0,0.00,0,0,0
2019-12-19,18510.0,0.0,0.0,18510.0,0.00,0,0,0
2019-12-18,18510.0,0.0,0.0,18510.0,0.00,0,0,0
2019-12-17,18510.0,0.0,0.0,18510.0,0.00,0,0,0
2019-12-16,18510.0,0.0,0.0,18510.0,0.00,0,0,0
2019-12-13,18510.0,0.0,0.0,18510.0,0.00,0,0,0
2019-12-12,18510.0,0.0,0.0,18510.0,0.00,0,0,0
2019-12-11,18510.0,0.0,0.0,18510.0,0.00,0,0,0
2019-12-10,18510.0,0.0,0.0,18510.0,0.00,0,0,0
2019-12-06,18510.0,0.0,0.0,18510.0,0.00,0,0,0
2019-12-05,18510.0,0.0,0.0,18510.0,0.00,0,0,0
2019-12-04,18510.0,0.0,0.0,18510.0,0.00,0,0,0
2019-12-03,18510.0,0.0,0.0,18510.0,0.00,0,0,0
2019-12-02,18510.0,0.0,0.0,18510.0,0.00,0,0,0
2019-11-29,18510.0,0.0,0.0,18510.0,0.00,0,0,0
2019-11-28,18510.0,0.0,0.0,18510.0,0.00,0,0,0
2019-11-27,18510.0,0.0,0.0,18510.0,0.00,0,0,0
2019-11-26,18510.0,0.0,0.0,18510.0,0.00,0,0,0
2019-11-25,18510.0,0.0,0.0,18510.0,0.00,0,0,0
2019-11-22,18510.0,0.0,0.0,18510.0,0.00,0,0,0
2019-11-21,18510.0,0.0,0.0,18510.0,0.00,0,0,0
2019-11-20,18510.0,0.0,0.0,18510.0,0.00,0,0,0
2019-11-19,18510.0,0.0,0.0,18510.0,0.00,0,0,0
2019-11-18,18510.0,0.0,0.0,18510.0,0.00,0,0,0
2019-11-15,18510.0,0.0,0.0,18510.0,0.00,0,0,0
2019-11-14,18510.0,0.0,0.0,18510.0,0.00,0,0,0
2019-11-13,18510.0,0.0,0.0,18510.0,0.00,0,0,0
2019-11-12,18510.0,0.0,0.0,18510.0,0.00,0,0,0
2019-11-11,18510.0,0.0,0.0,18510.0,0.00,0,0,0
2019-11-08,18510.0,0.0,0.0,18510.0,0.00,0,0,0
2019-11-07,18510.0,0.0,0.0,18510.0,0.00,0,0,0
2019-11-06,18510.0,0.0,0.0,18510.0,0.00,0,0,0
2019-11-05,18510.0,0.0,0.0,18510.0,0.00,0,0,0
2019-11-04,18510.0,0.0,0.0,18510.0,0.00,0,0,0
2019-11-01,18510.0,0.0,0.0,18510.0,0.00,0,0,0
2019-10-31,18510.0,0.0,0.0,18510.0,0.00,0,0,0
2019-10-30,18510.0,0.0,0.0,18510.0,0.00,0,0,0
2019-10-29,18510.0,0.0,0.0,18510.0,0.00,0,0,0
2019-10-28,18510.0,0.0,0.0,18510.0,0.00,0,0,0
2019-10-25,18510.0,0.0,0.0,18510.0,0.00,0,0,0
2019-10-24,18510.0,0.0,0.0,18510.0,0.00,0,0,0
2019-10-22,18510.0,0.0,0.0,18510.0,0.00,0,0,0
2019-10-21,18510.0,0.0,0.0,18510.0,0.00,0,0,0
2019-10-18,18510.0,0.0,0.0,18510.0,0.00,0,0,0
2019-10-17,18510.0,0.0,0.0,18510.0,0.00,0,0,0
2019-10-16,18510.0,0.0,0.0,18510.0,0.00,0,0,0
2019-10-15,18510.0,0.0,0.0,18510.0,0.00,0,0,0
2019-10-14,18510.0,0.0,0.0,18510.0,0.00,0,0,0
2019-10-10,18510.0,0.0,0.0,18510.0,0.00,0,0,0
2019-10-09,18510.0,0.0,0.0,18510.0,0.00,0,0,0
2019-10-08,18510.0,0.0,0.0,18510.0,0.00,0,0,0
2019-10-07,18510.0,0.0,0.0,18510.0,0.00,0,0,0
2019-10-04,18510.0,0.0,0.0,18510.0,0.00,0,0,0
2019-10-03,18510.0,0.0,0.0,18510.0,0.00,0,0,0
2019-10-02,18510.0,0.0,0.0,18510.0,0.00,0,0,0
2019-10-01,18510.0,0.0,0.0,18510.0,0.00,0,0,0
2019-09-30,18510.0,0.0,0.0,18510.0,0.00,0,0,0
2019-09-27,18510.0,18510.0,18510.0,18510.0,0.00,15,"277,650","277,650"
2019-09-26,18510.0,0.0,0.0,18510.0,0.00,0,0,0
2019-09-25,18510.0,0.0,0.0,18510.0,0.00,0,0,0
2019-09-24,18510.0,0.0,0.0,18510.0,0.00,0,0,0
2019-09-23,18510.0,0.0,0.0,18510.0,0.00,0,0,0
2019-09-20,18510.0,0.0,0.0,18510.0,0.00,0,0,0
2019-09-19,18510.0,0.0,0.0,18510.0,0.00,0,0,0
2019-09-18,18510.0,0.0,0.0,18510.0,0.00,0,0,0
2019-09-17,18510.0,0.0,0.0,18510.0,0.00,0,0,0
2019-09-16,18510.0,0.0,0.0,18510.0,0.00,0,0,0
2019-09-13,18510.0,0.0,0.0,18510.0,0.00,0,0,0
2019-09-12,18510.0,0.0,0.0,18510.0,0.00,0,0,0
2019-09-11,18510.0,0.0,0.0,18510.0,0.00,0,0,0
2019-09-10,18510.0,0.0,0.0,18510.0,0.00,0,0,0
2019-09-06,18510.0,0.0,0.0,18510.0,0.00,0,0,0
2019-09-05,18510.0,0.0,0.0,18510.0,0.00,0,0,0
2019-09-04,18510.0,0.0,0.0,18510.0,0.00,0,0,0
2019-09-03,18510.0,0.0,0.0,18510.0,0.00,0,0,0
2019-09-02,18510.0,0.0,0.0,18510.0,0.00,0,0,0
2019-08-30,18510.0,0.0,0.0,18510.0,0.00,0,0,0
2019-08-29,18510.0,0.0,0.0,18510.0,0.00,0,0,0
2019-08-27,18510.0,0.0,0.0,18510.0,0.00,0,0,0
2019-08-26,18510.0,0.0,0.0,18510.0,0.00,0,0,0
2019-08-23,18510.0,0.0,0.0,18510.0,0.00,0,0,0
2019-08-22,18510.0,0.0,0.0,18510.0,0.00,0,0,0
2019-08-21,18510.0,0.0,0.0,18510.0,0.00,0,0,0
2019-08-20,18510.0,0.0,0.0,18510.0,0.00,0,0,0
2019-08-19,18510.0,0.0,0.0,18510.0,0.00,0,0,0
2019-08-16,18510.0,0.0,0.0,18510.0,0.00,0,0,0
2019-08-15,18510.0,0.0,0.0,18510.0,0.00,0,0,0
2019-08-14,18510.0,0.0,0.0,18510.0,0.00,0,0,0
2019-08-13,18510.0,0.0,0.0,18510.0,0.00,0,0,0
2019-08-12,18510.0,0.0,0.0,18510.0,0.00,0,0,0
2019-08-09,18510.0,0.0,0.0,18510.0,0.00,0,0,0
2019-08-08,18510.0,0.0,0.0,18510.0,0.00,0,0,0
2019-08-07,18510.0,0.0,0.0,18510.0,0.00,0,0,0
2019-08-06,18510.0,0.0,0.0,18510.0,0.00,0,0,0
2019-08-05,18510.0,0.0,0.0,18510.0,0.00,0,0,0
2019-08-01,18510.0,0.0,0.0,18510.0,0.00,0,0,0
2019-07-31,18510.0,0.0,0.0,18510.0,0.00,0,0,0
2019-07-30,18510.0,0.0,0.0,18510.0,0.00,0,0,0
2019-07-29,18510.0,0.0,0.0,18510.0,0.00,0,0,0
2019-07-26,18510.0,0.0,0.0,18510.0,0.00,0,0,0
2019-07-25,18510.0,0.0,0.0,18510.0,0.00,0,0,0
2019-07-24,18510.0,0.0,0.0,18510.0,0.00,0,0,0
2019-07-23,18510.0,0.0,0.0,18510.0,0.00,0,0,0
2019-07-22,18510.0,0.0,0.0,18510.0,0.00,0,0,0
2019-07-19,18510.0,0.0,0.0,18510.0,0.00,0,0,0
2019-07-18,18510.0,0.0,0.0,18510.0,0.00,0,0,0
2019-07-17,18510.0,0.0,0.0,18510.0,0.00,0,0,0
2019-07-16,18510.0,0.0,0.0,18510.0,0.00,0,0,0
2019-07-15,18510.0,0.0,0.0,18510.0,0.00,0,0,0
2019-07-12,18510.0,0.0,0.0,18510.0,0.00,0,0,0
2019-07-11,18510.0,0.0,0.0,18510.0,0.00,0,0,0
2019-07-10,18510.0,0.0,0.0,18510.0,0.00,0,0,0
2019-07-09,18510.0,0.0,0.0,18510.0,0.00,0,0,0
2019-07-08,18510.0,0.0,0.0,18510.0,0.00,0,0,0
2019-07-05,18510.0,0.0,0.0,18510.0,0.00,0,0,0
2019-07-04,18510.0,0.0,0.0,18510.0,0.00,0,0,0
2019-07-03,18510.0,0.0,0.0,18510.0,0.00,0,0,0
2019-07-02,18510.0,0.0,0.0,18510.0,0.00,0,0,0
2019-07-01,18510.0,0.0,0.0,18510.0,0.00,0,0,0
2019-06-28,18510.0,0.0,0.0,18510.0,0.00,0,0,0
2019-06-27,18510.0,0.0,0.0,18510.0,0.00,0,0,0
2019-06-26,18510.0,0.0,0.0,18510.0,0.00,0,0,0
2019-06-25,18510.0,0.0,0.0,18510.0,0.00,0,0,0
2019-06-24,18510.0,0.0,0.0,18510.0,0.00,0,0,0
2019-06-21,18510.0,0.0,0.0,18510.0,0.00,0,0,0
2019-06-20,18510.0,0.0,0.0,18510.0,0.00,0,0,0
2019-06-19,18510.0,0.0,0.0,18510.0,0.00,0,0,0
2019-06-18,18510.0,0.0,0.0,18510.0,0.00,0,0,0
2019-06-17,18510.0,0.0,0.0,18510.0,0.00,0,0,0
2019-06-13,18510.0,0.0,0.0,18510.0,0.00,0,0,0
2019-06-12,18510.0,0.0,0.0,18510.0,0.00,0,0,0
2019-06-11,18510.0,0.0,0.0,18510.0,0.00,0,0,0
2019-06-10,18510.0,0.0,0.0,18510.0,0.00,0,0,0
2019-06-07,18510.0,0.0,0.0,18510.0,0.00,0,0,0
2019-06-06,18510.0,0.0,0.0,18510.0,0.00,0,0,0
2019-06-05,18510.0,0.0,0.0,18510.0,0.00,0,0,0
2019-06-03,18510.0,0.0,0.0,18510.0,0.00,0,0,0
2019-05-31,18510.0,0.0,0.0,18510.0,0.00,0,0,0
2019-05-30,18510.0,0.0,0.0,18510.0,0.00,0,0,0
2019-05-29,18510.0,0.0,0.0,18510.0,0.00,0,0,0
2019-05-28,18510.0,0.0,0.0,18510.0,0.00,0,0,0
2019-05-27,18510.0,0.0,0.0,18510.0,0.00,0,0,0
2019-05-23,18510.0,0.0,0.0,18510.0,0.00,0,0,0
2019-05-22,18510.0,0.0,0.0,18510.0,0.00,0,0,0
2019-05-21,18510.0,0.0,0.0,18510.0,0.00,0,0,0
2019-05-20,18510.0,0.0,0.0,18510.0,0.00,0,0,0
2019-05-17,18510.0,0.0,0.0,18510.0,0.00,0,0,0
2019-05-16,18510.0,0.0,0.0,18510.0,0.00,0,0,0
2019-05-15,18510.0,0.0,0.0,18510.0,0.00,0,0,0
2019-05-14,18510.0,0.0,0.0,18510.0,0.00,0,0,0
2019-05-13,18510.0,0.0,0.0,18510.0,0.00,0,0,0
2019-05-10,18510.0,0.0,0.0,18510.0,0.00,0,0,0
2019-05-09,18510.0,0.0,0.0,18510.0,0.00,0,0,0
2019-05-08,18510.0,0.0,0.0,18510.0,0.00,0,0,0
2019-05-07,18510.0,0.0,0.0,18510.0,0.00,0,0,0
2019-05-06,18510.0,0.0,0.0,18510.0,0.00,0,0,0
2019-05-03,18510.0,0.0,0.0,18510.0,0.00,0,0,0
2019-05-02,18510.0,0.0,0.0,18510.0,0.00,0,0,0
2019-04-30,18510.0,0.0,0.0,18510.0,0.00,0,0,0
2019-04-25,18510.0,0.0,0.0,18510.0,0.00,0,0,0
2019-04-24,18510.0,0.0,0.0,18510.0,0.00,0,0,0
2019-04-23,18510.0,0.0,0.0,18510.0,0.00,0,0,0
2019-04-22,18510.0,0.0,0.0,18510.0,0.00,0,0,0
2019-04-19,18510.0,0.0,0.0,18510.0,0.00,0,0,0
2019-04-18,18510.0,0.0,0.0,18510.0,0.00,0,0,0
2019-04-17,18510.0,0.0,0.0,18510.0,0.00,0,0,0
2019-04-16,18510.0,0.0,0.0,18510.0,0.00,0,0,0
2019-04-15,18510.0,0.0,0.0,18510.0,0.00,0,0,0
2019-04-12,18510.0,0.0,0.0,18510.0,0.00,0,0,0
2019-04-11,18510.0,0.0,0.0,18510.0,0.00,0,0,0
2019-04-10,18510.0,0.0,0.0,18510.0,0.00,0,0,0
2019-04-09,18510.0,0.0,0.0,18510.0,0.00,0,0,0
2019-04-08,18510.0,0.0,0.0,18510.0,0.00,0,0,0
2019-04-05,18510.0,0.0,0.0,18510.0,0.00,0,0,0
2019-04-04,18510.0,0.0,0.0,18510.0,0.00,0,0,0
2019-04-03,18510.0,0.0,0.0,18510.0,0.00,0,0,0
2019-04-02,18510.0,0.0,0.0,18510.0,0.00,0,0,0
2019-04-01,18510.0,0.0,0.0,18510.0,0.00,0,0,0
2019-03-29,18510.0,0.0,0.0,18510.0,0.00,0,0,0
2019-03-28,18510.0,0.0,0.0,18510.0,0.00,0,0,0
2019-03-27,18510.0,0.0,0.0,18510.0,0.00,0,0,0
2019-03-26,18510.0,0.0,0.0,18510.0,0.00,0,0,0
2019-03-25,18510.0,0.0,0.0,18510.0,0.00,0,0,0
2019-03-22,18510.0,0.0,0.0,18510.0,0.00,0,0,0
2019-03-21,18510.0,0.0,0.0,18510.0,0.00,0,0,0
2019-03-20,18510.0,0.0,0.0,18510.0,0.00,0,0,0
2019-03-19,18510.0,0.0,0.0,18510.0,0.00,0,0,0
2019-03-18,18510.0,0.0,0.0,18510.0,0.00,0,0,0
2019-03-15,18510.0,0.0,0.0,18510.0,0.00,0,0,0
2019-03-14,18510.0,0.0,0.0,18510.0,0.00,0,0,0
2019-03-13,18510.0,0.0,0.0,18510.0,0.00,0,0,0
2019-03-12,18510.0,0.0,0.0,18510.0,0.00,0,0,0
2019-03-11,18510.0,0.0,0.0,18510.0,0.00,0,0,0
2019-03-08,18510.0,0.0,0.0,18510.0,0.00,0,0,0
2019-03-07,18510.0,0.0,0.0,18510.0,0.00,0,0,0
2019-03-06,18510.0,0.0,0.0,18510.0,0.00,0,0,0
2019-03-05,18510.0,0.0,0.0,18510.0,0.00,0,0,0
2019-03-04,18510.0,0.0,0.0,18510.0,0.00,0,0,0
2019-03-01,18510.0,0.0,0.0,18510.0,0.00,0,0,0
2019-02-28,18510.0,0.0,0.0,18510.0,0.00,0,0,0
2019-02-27,18510.0,0.0,0.0,18510.0,0.00,0,0,0
2019-02-26,18510.0,0.0,0.0,18510.0,0.00,0,0,0
2019-02-25,18510.0,0.0,0.0,18510.0,0.00,0,0,0
2019-02-22,18510.0,0.0,0.0,18510.0,0.00,0,0,0
2019-02-21,18510.0,0.0,0.0,18510.0,0.00,0,0,0
2019-02-20,18510.0,0.0,0.0,18510.0,0.00,0,0,0
2019-02-19,18510.0,0.0,0.0,18510.0,0.00,0,0,0
2019-02-18,18510.0,0.0,0.0,18510.0,0.00,0,0,0
2019-02-15,18510.0,0.0,0.0,18510.0,0.00,0,0,0
2019-02-14,18510.0,0.0,0.0,18510.0,0.00,0,0,0
2019-02-13,18510.0,0.0,0.0,18510.0,0.00,0,0,0
2019-02-12,18510.0,0.0,0.0,18510.0,0.00,0,0,0
2019-02-11,18510.0,0.0,0.0,18510.0,0.00,0,0,0
2019-02-08,18510.0,0.0,0.0,18510.0,0.00,0,0,0
2019-02-07,18510.0,0.0,0.0,18510.0,0.00,0,0,0
2019-02-06,18510.0,0.0,0.0,18510.0,0.00,0,0,0
2019-02-05,18510.0,0.0,0.0,18510.0,0.00,0,0,0
2019-02-04,18510.0,0.0,0.0,18510.0,0.00,0,0,0
2019-02-01,18510.0,0.0,0.0,18510.0,0.00,0,0,0
2019-01-31,18510.0,0.0,0.0,18510.0,0.00,0,0,0
2019-01-30,18510.0,0.0,0.0,18510.0,0.00,0,0,0
2019-01-29,18510.0,0.0,0.0,18510.0,0.00,0,0,0
2019-01-28,18510.0,0.0,0.0,18510.0,0.00,0,0,0
2019-01-25,18510.0,0.0,0.0,18510.0,0.00,0,0,0
2019-01-24,18510.0,0.0,0.0,18510.0,0.00,0,0,0
2019-01-23,18510.0,0.0,0.0,18510.0,0.00,0,0,0
2019-01-22,18510.0,0.0,0.0,18510.0,0.00,0,0,0
2019-01-21,18510.0,0.0,0.0,18510.0,0.00,0,0,0
2019-01-18,18510.0,0.0,0.0,18510.0,0.00,0,0,0
2019-01-17,18510.0,0.0,0.0,18510.0,0.00,0,0,0
2019-01-16,18510.0,0.0,0.0,18510.0,0.00,0,0,0
2019-01-15,18510.0,0.0,0.0,18510.0,0.00,0,0,0
2019-01-14,18510.0,0.0,0.0,18510.0,0.00,0,0,0
2019-01-11,18510.0,0.0,0.0,18510.0,0.00,0,0,0
2019-01-10,18510.0,0.0,0.0,18510.0,0.00,0,0,0
2019-01-09,18510.0,0.0,0.0,18510.0,0.00,0,0,0
2019-01-08,18510.0,0.0,0.0,18510.0,0.00,0,0,0
2019-01-04,18510.0,0.0,0.0,18510.0,0.00,0,0,0
2019-01-03,18510.0,0.0,0.0,18510.0,0.00,0,0,0
2019-01-02,18510.0,0.0,0.0,18510.0,0.00,0,0,0
2018-12-28,18510.0,0.0,0.0,18510.0,0.00,0,0,0
2018-12-27,18510.0,0.0,0.0,18510.0,0.00,0,0,0
2018-12-26,18510.0,0.0,0.0,18510.0,0.00,0,0,0
2018-12-25,18510.0,0.0,0.0,18510.0,0.00,0,0,0
2018-12-24,18510.0,0.0,0.0,18510.0,0.00,0,0,0
2018-12-21,18510.0,0.0,0.0,18510.0,0.00,0,0,0
2018-12-20,18510.0,0.0,0.0,18510.0,0.00,0,0,0
2018-12-19,18510.0,0.0,0.0,18510.0,0.00,0,0,0
2018-12-18,18510.0,0.0,0.0,18510.0,0.00,0,0,0
2018-12-17,18510.0,0.0,0.0,18510.0,0.00,0,0,0
2018-12-14,18510.0,0.0,0.0,18510.0,0.00,0,0,0
2018-12-13,18510.0,0.0,0.0,18510.0,0.00,0,0,0
2018-12-12,18510.0,0.0,0.0,18510.0,0.00,0,0,0
2018-12-11,18510.0,0.0,0.0,18510.0,0.00,0,0,0
2018-12-10,18510.0,0.0,0.0,18510.0,0.00,0,0,0
2018-12-07,18510.0,0.0,0.0,18510.0,0.00,0,0,0
2018-12-06,18510.0,0.0,0.0,18510.0,0.00,0,0,0
2018-12-05,18510.0,0.0,0.0,18510.0,0.00,0,0,0
2018-12-04,18510.0,0.0,0.0,18510.0,0.00,0,0,0
2018-12-03,18510.0,0.0,0.0,18510.0,0.00,0,0,0
2018-11-30,18510.0,0.0,0.0,18510.0,0.00,0,0,0
2018-11-29,18510.0,0.0,0.0,18510.0,0.00,0,0,0
2018-11-28,18510.0,0.0,0.0,18510.0,0.00,0,0,0
2018-11-27,18510.0,0.0,0.0,18510.0,0.00,0,0,0
2018-11-26,18510.0,0.0,0.0,18510.0,0.00,0,0,0
2018-11-23,18510.0,0.0,0.0,18510.0,0.00,0,0,0
2018-11-22,18510.0,0.0,0.0,18510.0,0.00,0,0,0
2018-11-21,18510.0,0.0,0.0,18510.0,0.00,0,0,0
2018-11-20,18510.0,0.0,0.0,18510.0,0.00,0,0,0
2018-11-19,18510.0,0.0,0.0,18510.0,0.00,0,0,0
2018-11-16,18510.0,0.0,0.0,18510.0,0.00,0,0,0
2018-11-15,18510.0,0.0,0.0,18510.0,0.00,0,0,0
2018-11-14,18510.0,0.0,0.0,18510.0,0.00,0,0,0
2018-11-13,18510.0,0.0,0.0,18510.0,0.00,0,0,0
2018-11-12,18510.0,0.0,0.0,18510.0,0.00,0,0,0
2018-11-09,18510.0,0.0,0.0,18510.0,0.00,0,0,0
2018-11-08,18510.0,0.0,0.0,18510.0,0.00,0,0,0
2018-11-07,18510.0,0.0,0.0,18510.0,0.00,0,0,0
2018-11-06,18510.0,0.0,0.0,18510.0,0.00,0,0,0
2018-11-05,18510.0,0.0,0.0,18510.0,0.00,0,0,0
2018-11-02,18510.0,0.0,0.0,18510.0,0.00,0,0,0
2018-11-01,18510.0,0.0,0.0,18510.0,0.00,0,0,0
2018-10-31,18510.0,0.0,0.0,18510.0,0.00,0,0,0
2018-10-30,18510.0,0.0,0.0,18510.0,0.00,0,0,0
2018-10-29,18510.0,0.0,0.0,18510.0,0.00,0,0,0
2018-10-26,18510.0,0.0,0.0,18510.0,0.00,0,0,0
2018-10-25,18510.0,0.0,0.0,18510.0,0.00,0,0,0
2018-10-24,18510.0,0.0,0.0,18510.0,0.00,0,0,0
2018-10-22,18510.0,0.0,0.0,18510.0,0.00,0,0,0
2018-10-19,18510.0,0.0,0.0,18510.0,0.00,0,0,0
2018-10-18,18510.0,0.0,0.0,18510.0,0.00,0,0,0
2018-10-17,18510.0,0.0,0.0,18510.0,0.00,0,0,0
2018-10-16,18510.0,0.0,0.0,18510.0,0.00,0,0,0
2018-10-15,18510.0,0.0,0.0,18510.0,0.00,0,0,0
2018-10-12,18510.0,0.0,0.0,18510.0,0.00,0,0,0
2018-10-10,18510.0,0.0,0.0,18510.0,0.00,0,0,0
2018-10-09,18510.0,0.0,0.0,18510.0,0.00,0,0,0
2018-10-08,18510.0,0.0,0.0,18510.0,0.00,0,0,0
2018-10-05,18510.0,0.0,0.0,18510.0,0.00,0,0,0
2018-10-04,18510.0,0.0,0.0,18510.0,0.00,0,0,0
2018-10-03,18510.0,0.0,0.0,18510.0,0.00,0,0,0
2018-10-02,18510.0,0.0,0.0,18510.0,0.00,0,0,0
2018-10-01,18510.0,0.0,0.0,18510.0,0.00,0,0,0
2018-09-28,18510.0,0.0,0.0,18510.0,0.00,0,0,0
2018-09-27,18510.0,0.0,0.0,18510.0,0.00,0,0,0
2018-09-26,18510.0,0.0,0.0,18510.0,0.00,0,0,0
2018-09-25,18510.0,0.0,0.0,18510.0,0.00,0,0,0
2018-09-24,18510.0,0.0,0.0,18510.0,0.00,0,0,0
2018-09-21,18510.0,0.0,0.0,18510.0,0.00,0,0,0
2018-09-20,18510.0,0.0,0.0,18510.0,0.00,0,0,0
2018-09-19,18510.0,0.0,0.0,18510.0,0.00,0,0,0
2018-09-18,18510.0,0.0,0.0,18510.0,0.00,0,0,0
2018-09-17,18510.0,0.0,0.0,18510.0,0.00,0,0,0
2018-09-14,18510.0,0.0,0.0,18510.0,0.00,0,0,0
2018-09-13,18510.0,0.0,0.0,18510.0,0.00,0,0,0
2018-09-12,18510.0,0.0,0.0,18510.0,0.00,0,0,0
2018-09-11,18510.0,0.0,0.0,18510.0,0.00,0,0,0
2018-09-10,18510.0,0.0,0.0,18510.0,0.00,0,0,0
2018-09-07,18510.0,0.0,0.0,18510.0,0.00,0,0,0
2018-09-06,18510.0,0.0,0.0,18510.0,0.00,0,0,0
2018-09-05,18510.0,0.0,0.0,18510.0,0.00,0,0,0
2018-09-04,18510.0,0.0,0.0,18510.0,0.00,0,0,0
2018-09-03,18510.0,0.0,0.0,18510.0,0.00,0,0,0
2018-08-31,18510.0,0.0,0.0,18510.0,0.00,0,0,0
2018-08-30,18510.0,0.0,0.0,18510.0,0.00,0,0,0
2018-08-29,18510.0,18510.0,18510.0,18510.0,0.00,14,"259,140","259,140"
2018-08-27,18510.0,0.0,0.0,18510.0,0.00,0,0,0
2018-08-24,18510.0,0.0,0.0,18510.0,0.00,0,0,0
2018-08-23,18510.0,0.0,0.0,18510.0,0.00,0,0,0
2018-08-22,18510.0,0.0,0.0,18510.0,0.00,0,0,0
2018-08-21,18510.0,0.0,0.0,18510.0,0.00,0,0,0
2018-08-20,18510.0,0.0,0.0,18510.0,0.00,0,0,0
2018-08-17,18510.0,0.0,0.0,18510.0,0.00,0,0,0
2018-08-16,18510.0,0.0,0.0,18510.0,0.00,0,0,0
2018-08-15,18510.0,0.0,0.0,18510.0,0.00,0,0,0
2018-08-14,18510.0,0.0,0.0,18510.0,0.00,0,0,0
2018-08-13,18510.0,0.0,0.0,18510.0,0.00,0,0,0
2018-08-10,18510.0,0.0,0.0,18510.0,0.00,0,0,0
2018-08-09,18510.0,0.0,0.0,18510.0,0.00,0,0,0
2018-08-08,18510.0,0.0,0.0,18510.0,0.00,0,0,0
2018-08-07,18510.0,0.0,0.0,18510.0,0.00,0,0,0
2018-08-06,18510.0,0.0,0.0,18510.0,0.00,0,0,0
2018-08-03,18510.0,0.0,0.0,18510.0,0.00,0,0,0
2018-08-01,18510.0,0.0,0.0,18510.0,0.00,0,0,0
2018-07-31,18510.0,0.0,0.0,18510.0,0.00,0,0,0
2018-07-30,18510.0,0.0,0.0,18510.0,0.00,0,0,0
2018-07-27,18510.0,0.0,0.0,18510.0,0.00,0,0,0
2018-07-26,18510.0,0.0,0.0,18510.0,0.00,0,0,0
2018-07-25,18510.0,0.0,0.0,18510.0,0.00,0,0,0
2018-07-24,18510.0,0.0,0.0,18510.0,0.00,0,0,0
2018-07-23,18510.0,0.0,0.0,18510.0,0.00,0,0,0
2018-07-20,18510.0,0.0,0.0,18510.0,0.00,0,0,0
2018-07-19,18510.0,0.0,0.0,18510.0,0.00,0,0,0
2018-07-18,18510.0,0.0,0.0,18510.0,0.00,0,0,0
2018-07-17,18510.0,0.0,0.0,18510.0,0.00,0,0,0
2018-07-16,18510.0,0.0,0.0,18510.0,0.00,0,0,0
2018-07-13,18510.0,0.0,0.0,18510.0,0.00,0,0,0
2018-07-12,18510.0,0.0,0.0,18510.0,0.00,0,0,0
2018-07-11,18510.0,0.0,0.0,18510.0,0.00,0,0,0
2018-07-10,18510.0,0.0,0.0,18510.0,0.00,0,0,0
2018-07-09,18510.0,0.0,0.0,18510.0,0.00,0,0,0
2018-07-06,18510.0,0.0,0.0,18510.0,0.00,0,0,0
2018-07-05,18510.0,18510.0,18510.0,18510.0,0.00,14,"259,140","259,140"
2018-07-04,18510.0,0.0,0.0,18510.0,0.00,0,0,0
2018-07-03,18510.0,0.0,0.0,18510.0,0.00,0,0,0
2018-07-02,18510.0,0.0,0.0,18510.0,0.00,0,0,0
2018-06-29,18510.0,0.0,0.0,18510.0,0.00,0,0,0
2018-06-28,18510.0,0.0,0.0,18510.0,0.00,0,0,0
2018-06-27,18510.0,0.0,0.0,18510.0,0.00,0,0,0
2018-06-26,18510.0,0.0,0.0,18510.0,0.00,0,0,0
2018-06-25,18510.0,0.0,0.0,18510.0,0.00,0,0,0
2018-06-22,18510.0,0.0,0.0,18510.0,0.00,0,0,0
2018-06-21,18510.0,0.0,0.0,18510.0,0.00,0,0,0
2018-06-20,18510.0,0.0,0.0,18510.0,0.00,0,0,0
2018-06-19,18510.0,0.0,0.0,18510.0,0.00,0,0,0
2018-06-18,18510.0,0.0,0.0,18510.0,0.00,0,0,0
2018-06-14,18510.0,0.0,0.0,18510.0,0.00,0,0,0
2018-06-13,18510.0,0.0,0.0,18510.0,0.00,0,0,0
2018-06-12,18510.0,0.0,0.0,18510.0,0.00,0,0,0
2018-06-11,18510.0,0.0,0.0,18510.0,0.00,0,0,0
2018-06-08,18510.0,0.0,0.0,18510.0,0.00,0,0,0
2018-06-07,18510.0,0.0,0.0,18510.0,0.00,0,0,0
2018-06-06,18510.0,0.0,0.0,18510.0,0.00,0,0,0
2018-06-05,18510.0,0.0,0.0,18510.0,0.00,0,0,0
2018-06-04,18510.0,0.0,0.0,18510.0,0.00,0,0,0
2018-06-01,18510.0,0.0,0.0,18510.0,0.00,0,0,0
2018-05-31,18510.0,0.0,0.0,18510.0,0.00,0,0,0
2018-05-30,18510.0,0.0,0.0,18510.0,0.00,0,0,0
2018-05-29,18510.0,0.0,0.0,18510.0,0.00,0,0,0
2018-05-28,18510.0,0.0,0.0,18510.0,0.00,0,0,0
2018-05-23,18510.0,0.0,0.0,18510.0,0.00,0,0,0
2018-05-22,18510.0,0.0,0.0,18510.0,0.00,0,0,0
2018-05-21,18510.0,0.0,0.0,18510.0,0.00,0,0,0
2018-05-18,18510.0,0.0,0.0,18510.0,0.00,0,0,0
2018-05-17,18510.0,0.0,0.0,18510.0,0.00,0,0,0
2018-05-16,18510.0,0.0,0.0,18510.0,0.00,0,0,0
2018-05-15,18510.0,0.0,0.0,18510.0,0.00,0,0,0
2018-05-14,18510.0,0.0,0.0,18510.0,0.00,0,0,0
2018-05-11,18510.0,0.0,0.0,18510.0,0.00,0,0,0
2018-05-10,18510.0,0.0,0.0,18510.0,0.00,0,0,0
2018-05-09,18510.0,0.0,0.0,18510.0,0.00,0,0,0
2018-05-08,18510.0,0.0,0.0,18510.0,0.00,0,0,0
2018-05-07,18510.0,0.0,0.0,18510.0,0.00,0,0,0
2018-05-04,18510.0,0.0,0.0,18510.0,0.00,0,0,0
2018-05-03,18510.0,0.0,0.0,18510.0,0.00,0,0,0
2018-05-02,18510.0,0.0,0.0,18510.0,0.00,0,0,0
2018-04-30,18510.0,0.0,0.0,18510.0,0.00,0,0,0
2018-04-27,18510.0,0.0,0.0,18510.0,0.00,0,0,0
2018-04-26,18510.0,0.0,0.0,18510.0,0.00,0,0,0
2018-04-25,18510.0,18510.0,18510.0,18510.0,0.00,37,"684,870","684,870"
2018-04-24,18510.0,0.0,0.0,18510.0,0.00,0,0,0
2018-04-23,18510.0,0.0,0.0,18510.0,0.00,0,0,0
2018-04-20,18510.0,0.0,0.0,18510.0,0.00,0,0,0
2018-04-19,18510.0,0.0,0.0,18510.0,0.00,0,0,0
2018-04-18,18510.0,0.0,0.0,18510.0,0.00,0,0,0
2018-04-17,18510.0,0.0,0.0,18510.0,0.00,0,0,0
2018-04-16,18510.0,0.0,0.0,18510.0,0.00,0,0,0
2018-04-13,18510.0,0.0,0.0,18510.0,0.00,0,0,0
2018-04-12,18510.0,0.0,0.0,18510.0,0.00,0,0,0
2018-04-11,18510.0,0.0,0.0,18510.0,0.00,0,0,0
2018-04-10,18510.0,0.0,0.0,18510.0,0.00,0,0,0
2018-04-05,18510.0,0.0,0.0,18510.0,0.00,0,0,0
2018-04-04,18510.0,0.0,0.0,18510.0,0.00,0,0,0
2018-04-03,18510.0,0.0,0.0,18510.0,0.00,0,0,0
2018-04-02,18510.0,0.0,0.0,18510.0,0.00,0,0,0
2018-03-30,18510.0,0.0,0.0,18510.0,0.00,0,0,0
2018-03-29,18510.0,0.0,0.0,18510.0,0.00,0,0,0
2018-03-28,18510.0,0.0,0.0,18510.0,0.00,0,0,0
2018-03-27,18510.0,0.0,0.0,18510.0,0.00,0,0,0
2018-03-26,18510.0,0.0,0.0,18510.0,0.00,0,0,0
2018-03-23,18510.0,0.0,0.0,18510.0,0.00,0,0,0
2018-03-22,18510.0,0.0,0.0,18510.0,0.00,0,0,0
2018-03-21,18510.0,0.0,0.0,18510.0,0.00,0,0,0
2018-03-20,18510.0,0.0,0.0,18510.0,0.00,0,0,0
2018-03-19,18510.0,0.0,0.0,18510.0,0.00,0,0,0
2018-03-16,18510.0,0.0,0.0,18510.0,0.00,0,0,0
2018-03-15,18510.0,0.0,0.0,18510.0,0.00,0,0,0
2018-03-14,18510.0,0.0,0.0,18510.0,0.00,0,0,0
2018-03-13,18510.0,0.0,0.0,18510.0,0.00,0,0,0
2018-03-12,18510.0,0.0,0.0,18510.0,0.00,0,0,0
2018-03-09,18510.0,0.0,0.0,18510.0,0.00,0,0,0
2018-03-08,18510.0,0.0,0.0,18510.0,0.00,0,0,0
2018-03-07,18510.0,0.0,0.0,18510.0,0.00,0,0,0
2018-03-06,18510.0,0.0,0.0,18510.0,0.00,0,0,0
2018-03-05,18510.0,0.0,0.0,18510.0,0.00,0,0,0
2018-03-02,18510.0,0.0,0.0,18510.0,0.00,0,0,0
2018-03-01,18510.0,0.0,0.0,18510.0,0.00,0,0,0
2018-02-28,18510.0,0.0,0.0,18510.0,0.00,0,0,0
2018-02-27,18510.0,0.0,0.0,18510.0,0.00,0,0,0
2018-02-26,18510.0,0.0,0.0,18510.0,0.00,0,0,0
2018-02-23,18510.0,0.0,0.0,18510.0,0.00,0,0,0
2018-02-22,18510.0,0.0,0.0,18510.0,0.00,0,0,0
2018-02-21,18510.0,0.0,0.0,18510.0,0.00,0,0,0
2018-02-20,18510.0,0.0,0.0,18510.0,0.00,0,0,0
2018-02-19,18510.0,0.0,0.0,18510.0,0.00,0,0,0
2018-02-16,18510.0,0.0,0.0,18510.0,0.00,0,0,0
2018-02-15,18510.0,0.0,0.0,18510.0,0.00,0,0,0
2018-02-14,18510.0,0.0,0.0,18510.0,0.00,0,0,0
2018-02-13,18510.0,0.0,0.0,18510.0,0.00,0,0,0
2018-02-12,18510.0,0.0,0.0,18510.0,0.00,0,0,0
2018-02-09,18510.0,0.0,0.0,18510.0,0.00,0,0,0
2018-02-08,18510.0,0.0,0.0,18510.0,0.00,0,0,0
2018-02-07,18510.0,0.0,0.0,18510.0,0.00,0,0,0
2018-02-06,18510.0,0.0,0.0,18510.0,0.00,0,0,0
2018-02-05,18510.0,0.0,0.0,18510.0,0.00,0,0,0
2018-02-02,18510.0,0.0,0.0,18510.0,0.00,0,0,0
2018-02-01,18510.0,0.0,0.0,18510.0,0.00,0,0,0
2018-01-31,18510.0,0.0,0.0,18510.0,0.00,0,0,0
2018-01-30,18510.0,0.0,0.0,18510.0,0.00,0,0,0
2018-01-29,18510.0,0.0,0.0,18510.0,0.00,0,0,0
2018-01-26,18510.0,0.0,0.0,18510.0,0.00,0,0,0
2018-01-25,18510.0,0.0,0.0,18510.0,0.00,0,0,0
2018-01-24,18510.0,0.0,0.0,18510.0,0.00,0,0,0
2018-01-23,18510.0,0.0,0.0,18510.0,0.00,0,0,0
2018-01-22,18510.0,0.0,0.0,18510.0,0.00,0,0,0
2018-01-18,18510.0,0.0,0.0,18510.0,0.00,0,0,0
2018-01-17,18510.0,0.0,0.0,18510.0,0.00,0,0,0
2018-01-16,18510.0,0.0,0.0,18510.0,0.00,0,0,0
2018-01-15,18510.0,0.0,0.0,18510.0,0.00,0,0,0
2018-01-12,18510.0,0.0,0.0,18510.0,0.00,0,0,0
2018-01-11,18510.0,0.0,0.0,18510.0,0.00,0,0,0
2018-01-10,18510.0,0.0,0.0,18510.0,0.00,0,0,0
2018-01-09,18510.0,0.0,0.0,18510.0,0.00,0,0,0
2018-01-05,18510.0,0.0,0.0,18510.0,0.00,0,0,0
2018-01-04,18510.0,0.0,0.0,18510.0,0.00,0,0,0
2018-01-03,18510.0,0.0,0.0,18510.0,0.00,0,0,0
2018-01-02,18510.0,0.0,0.0,18510.0,0.00,0,0,0
2017-12-28,18510.0,0.0,0.0,18510.0,0.00,0,0,0
2017-12-27,18510.0,0.0,0.0,18510.0,0.00,0,0,0
2017-12-26,18510.0,0.0,0.0,18510.0,0.00,0,0,0
2017-12-25,18510.0,0.0,0.0,18510.0,0.00,0,0,0
2017-12-22,18510.0,0.0,0.0,18510.0,0.00,0,0,0
2017-12-21,18510.0,0.0,0.0,18510.0,0.00,0,0,0
2017-12-20,18510.0,0.0,0.0,18510.0,0.00,0,0,0
2017-12-19,18510.0,0.0,0.0,18510.0,0.00,0,0,0
2017-12-18,18510.0,0.0,0.0,18510.0,0.00,0,0,0
2017-12-15,18510.0,0.0,0.0,18510.0,0.00,0,0,0
2017-12-14,18510.0,0.0,0.0,18510.0,0.00,0,0,0
2017-12-13,18510.0,0.0,0.0,18510.0,0.00,0,0,0
2017-12-12,18510.0,0.0,0.0,18510.0,0.00,0,0,0
2017-12-11,18510.0,0.0,0.0,18510.0,0.00,0,0,0
2017-12-07,18510.0,0.0,0.0,18510.0,0.00,0,0,0
2017-12-06,18510.0,0.0,0.0,18510.0,0.00,0,0,0
2017-12-05,18510.0,0.0,0.0,18510.0,0.00,0,0,0
2017-12-04,18510.0,0.0,0.0,18510.0,0.00,0,0,0
2017-12-01,18510.0,0.0,0.0,18510.0,0.00,0,0,0
2017-11-30,18510.0,0.0,0.0,18510.0,0.00,0,0,0
2017-11-29,18510.0,0.0,0.0,18510.0,0.00,0,0,0
2017-11-28,18510.0,0.0,0.0,18510.0,0.00,0,0,0
2017-11-27,18510.0,0.0,0.0,18510.0,0.00,0,0,0
2017-11-24,18510.0,0.0,0.0,18510.0,0.00,0,0,0
2017-11-23,18510.0,0.0,0.0,18510.0,0.00,0,0,0
2017-11-22,18510.0,0.0,0.0,18510.0,0.00,0,0,0
2017-11-21,18510.0,0.0,0.0,18510.0,0.00,0,0,0
2017-11-20,18510.0,0.0,0.0,18510.0,0.00,0,0,0
2017-11-17,18510.0,0.0,0.0,18510.0,0.00,0,0,0
2017-11-16,18510.0,0.0,0.0,18510.0,0.00,0,0,0
2017-11-15,18510.0,0.0,0.0,18510.0,0.00,0,0,0
2017-11-14,18510.0,0.0,0.0,18510.0,0.00,0,0,0
2017-11-13,18510.0,0.0,0.0,18510.0,0.00,0,0,0
2017-11-10,18510.0,0.0,0.0,18510.0,0.00,0,0,0
2017-11-09,18510.0,0.0,0.0,18510.0,0.00,0,0,0
2017-11-08,18510.0,0.0,0.0,18510.0,0.00,0,0,0
2017-11-07,18510.0,0.0,0.0,18510.0,0.00,0,0,0
2017-11-06,18510.0,0.0,0.0,18510.0,0.00,0,0,0
2017-11-03,18510.0,0.0,0.0,18510.0,0.00,0,0,0
2017-11-02,18510.0,0.0,0.0,18510.0,0.00,0,0,0
2017-11-01,18510.0,0.0,0.0,18510.0,0.00,0,0,0
2017-10-31,18510.0,0.0,0.0,18510.0,0.00,0,0,0
2017-10-30,18510.0,0.0,0.0,18510.0,0.00,0,0,0
2017-10-27,18510.0,0.0,0.0,18510.0,0.00,0,0,0
2017-10-26,18510.0,0.0,0.0,18510.0,0.00,0,0,0
2017-10-25,18510.0,0.0,0.0,18510.0,0.00,0,0,0
2017-10-24,18510.0,0.0,0.0,18510.0,0.00,0,0,0
2017-10-20,18510.0,0.0,0.0,18510.0,0.00,0,0,0
2017-10-19,18510.0,0.0,0.0,18510.0,0.00,0,0,0
2017-10-18,18510.0,0.0,0.0,18510.0,0.00,0,0,0
2017-10-17,18510.0,0.0,0.0,18510.0,0.00,0,0,0
2017-10-16,18510.0,0.0,0.0,18510.0,0.00,0,0,0
2017-10-13,18510.0,0.0,0.0,18510.0,0.00,0,0,0
2017-10-12,18510.0,0.0,0.0,18510.0,0.00,0,0,0
2017-10-10,18510.0,0.0,0.0,18510.0,0.00,0,0,0
2017-10-09,18510.0,0.0,0.0,18510.0,0.00,0,0,0
2017-10-06,18510.0,0.0,0.0,18510.0,0.00,0,0,0
2017-10-05,18510.0,0.0,0.0,18510.0,0.00,0,0,0
2017-10-04,18510.0,0.0,0.0,18510.0,0.00,0,0,0
2017-10-03,18510.0,0.0,0.0,18510.0,0.00,0,0,0
2017-10-02,18510.0,0.0,0.0,18510.0,0.00,0,0,0
2017-09-29,18510.0,0.0,0.0,18510.0,0.00,0,0,0
2017-09-28,18510.0,0.0,0.0,18510.0,0.00,0,0,0
2017-09-27,18510.0,0.0,0.0,18510.0,0.00,0,0,0
2017-09-26,18510.0,0.0,0.0,18510.0,0.00,0,0,0
2017-09-25,18510.0,0.0,0.0,18510.0,0.00,0,0,0
2017-09-22,18510.0,0.0,0.0,18510.0,0.00,0,0,0
2017-09-21,18510.0,0.0,0.0,18510.0,0.00,0,0,0
2017-09-20,18510.0,0.0,0.0,18510.0,0.00,0,0,0
2017-09-19,18510.0,0.0,0.0,18510.0,0.00,0,0,0
2017-09-18,18510.0,0.0,0.0,18510.0,0.00,0,0,0
2017-09-15,18510.0,0.0,0.0,18510.0,0.00,0,0,0
2017-09-14,18510.0,0.0,0.0,18510.0,0.00,0,0,0
2017-09-13,18510.0,0.0,0.0,18510.0,0.00,0,0,0
2017-09-12,18510.0,0.0,0.0,18510.0,0.00,0,0,0
2017-09-11,18510.0,0.0,0.0,18510.0,0.00,0,0,0
2017-09-07,18510.0,0.0,0.0,18510.0,0.00,0,0,0
2017-09-06,18510.0,0.0,0.0,18510.0,0.00,0,0,0
2017-09-05,18510.0,0.0,0.0,18510.0,0.00,0,0,0
2017-09-04,18510.0,0.0,0.0,18510.0,0.00,0,0,0
2017-09-01,18510.0,0.0,0.0,18510.0,0.00,0,0,0
2017-08-31,18510.0,0.0,0.0,18510.0,0.00,0,0,0
2017-08-30,18510.0,0.0,0.0,18510.0,0.00,0,0,0
2017-08-29,18510.0,0.0,0.0,18510.0,0.00,0,0,0
2017-08-25,18510.0,0.0,0.0,18510.0,0.00,0,0,0
2017-08-24,18510.0,0.0,0.0,18510.0,0.00,0,0,0
2017-08-23,18510.0,0.0,0.0,18510.0,0.00,0,0,0
2017-08-22,18510.0,0.0,0.0,18510.0,0.00,0,0,0
2017-08-21,18510.0,0.0,0.0,18510.0,0.00,0,0,0
2017-08-18,18510.0,0.0,0.0,18510.0,0.00,0,0,0
2017-08-17,18510.0,0.0,0.0,18510.0,0.00,0,0,0
2017-08-16,18510.0,0.0,0.0,18510.0,0.00,0,0,0
2017-08-15,18510.0,0.0,0.0,18510.0,0.00,0,0,0
2017-08-14,18510.0,0.0,0.0,18510.0,0.00,0,0,0
2017-08-11,18510.0,0.0,0.0,18510.0,0.00,0,0,0
2017-08-10,18510.0,0.0,0.0,18510.0,0.00,0,0,0
2017-08-09,18510.0,0.0,0.0,18510.0,0.00,0,0,0
2017-08-08,18510.0,0.0,0.0,18510.0,0.00,0,0,0
2017-08-07,18510.0,0.0,0.0,18510.0,0.00,0,0,0
2017-08-04,18510.0,0.0,0.0,18510.0,0.00,0,0,0
2017-08-03,18510.0,0.0,0.0,18510.0,0.00,0,0,0
2017-08-01,18510.0,0.0,0.0,18510.0,0.00,0,0,0
2017-07-31,18510.0,0.0,0.0,18510.0,0.00,0,0,0
2017-07-28,18510.0,0.0,0.0,18510.0,0.00,0,0,0
2017-07-27,18510.0,0.0,0.0,18510.0,0.00,0,0,0
2017-07-26,18510.0,0.0,0.0,18510.0,0.00,0,0,0
2017-07-25,18510.0,0.0,0.0,18510.0,0.00,0,0,0
2017-07-24,18510.0,0.0,0.0,18510.0,0.00,0,0,0
2017-07-21,18510.0,0.0,0.0,18510.0,0.00,0,0,0
2017-07-20,18510.0,0.0,0.0,18510.0,0.00,0,0,0
2017-07-19,18510.0,0.0,0.0,18510.0,0.00,0,0,0
2017-07-18,18510.0,0.0,0.0,18510.0,0.00,0,0,0
2017-07-17,18510.0,0.0,0.0,18510.0,0.00,0,0,0
2017-07-14,18510.0,0.0,0.0,18510.0,0.00,0,0,0
2017-07-13,18510.0,0.0,0.0,18510.0,0.00,0,0,0
2017-07-12,18510.0,0.0,0.0,18510.0,0.00,0,0,0
2017-07-11,18510.0,0.0,0.0,18510.0,0.00,0,0,0
2017-07-10,18510.0,0.0,0.0,18510.0,0.00,0,0,0
2017-07-07,18510.0,0.0,0.0,18510.0,0.00,0,0,0
2017-07-06,18510.0,0.0,0.0,18510.0,0.00,0,0,0
2017-07-05,18510.0,0.0,0.0,18510.0,0.00,0,0,0
2017-07-04,18510.0,0.0,0.0,18510.0,0.00,0,0,0
2017-07-03,18510.0,0.0,0.0,18510.0,0.00,0,0,0
2017-06-30,18510.0,0.0,0.0,18510.0,0.00,0,0,0
2017-06-29,18510.0,0.0,0.0,18510.0,0.00,0,0,0
2017-06-28,18510.0,0.0,0.0,18510.0,0.00,0,0,0
2017-06-27,18510.0,0.0,0.0,18510.0,0.00,0,0,0
2017-06-23,18510.0,0.0,0.0,18510.0,0.00,0,0,0
2017-06-22,18510.0,0.0,0.0,18510.0,0.00,0,0,0
2017-06-21,18510.0,0.0,0.0,18510.0,0.00,0,0,0
2017-06-20,18510.0,0.0,0.0,18510.0,0.00,0,0,0
2017-06-19,18510.0,0.0,0.0,18510.0,0.00,0,0,0
2017-06-16,18510.0,0.0,0.0,18510.0,0.00,0,0,0
2017-06-15,18510.0,0.0,0.0,18510.0,0.00,0,0,0
2017-06-14,18510.0,0.0,0.0,18510.0,0.00,0,0,0
2017-06-13,18510.0,0.0,0.0,18510.0,0.00,0,0,0
2017-06-12,18510.0,0.0,0.0,18510.0,0.00,0,0,0
2017-06-09,18510.0,0.0,0.0,18510.0,0.00,0,0,0
2017-06-08,18510.0,0.0,0.0,18510.0,0.00,0,0,0
2017-06-07,18510.0,0.0,0.0,18510.0,0.00,0,0,0
2017-06-06,18510.0,0.0,0.0,18510.0,0.00,0,0,0
2017-06-05,18510.0,0.0,0.0,18510.0,0.00,0,0,0
2017-06-01,18510.0,0.0,0.0,18510.0,0.00,0,0,0
2017-05-31,18510.0,0.0,0.0,18510.0,0.00,0,0,0
2017-05-30,18510.0,0.0,0.0,18510.0,0.00,0,0,0
2017-05-29,18510.0,0.0,0.0,18510.0,0.00,0,0,0
2017-05-26,18510.0,0.0,0.0,18510.0,0.00,0,0,0
2017-05-25,18510.0,0.0,0.0,18510.0,0.00,0,0,0
2017-05-23,18510.0,0.0,0.0,18510.0,0.00,0,0,0
2017-05-22,18510.0,18510.0,18510.0,18510.0,0.00,45,"832,950","832,950"
2017-05-19,18510.0,0.0,0.0,18510.0,0.00,0,0,0
2017-05-18,18510.0,0.0,0.0,18510.0,0.00,0,0,0
2017-05-17,18510.0,0.0,0.0,18510.0,0.00,0,0,0
2017-05-16,18510.0,0.0,0.0,18510.0,0.00,0,0,0
2017-05-15,18510.0,0.0,0.0,18510.0,0.00,0,0,0
2017-05-12,18510.0,0.0,0.0,18510.0,0.00,0,0,0
2017-05-11,18510.0,0.0,0.0,18510.0,0.00,0,0,0
2017-05-10,18510.0,0.0,0.0,18510.0,0.00,0,0,0
2017-05-09,18510.0,0.0,0.0,18510.0,0.00,0,0,0
2017-05-08,18510.0,0.0,0.0,18510.0,0.00,0,0,0
2017-05-05,18510.0,0.0,0.0,18510.0,0.00,0,0,0
2017-05-04,18510.0,0.0,0.0,18510.0,0.00,0,0,0
2017-05-03,18510.0,0.0,0.0,18510.0,0.00,0,0,0
2017-05-02,18510.0,0.0,0.0,18510.0,0.00,0,0,0
2017-04-28,18510.0,0.0,0.0,18510.0,0.00,0,0,0
2017-04-27,18510.0,0.0,0.0,18510.0,0.00,0,0,0
2017-04-26,18510.0,0.0,0.0,18510.0,0.00,0,0,0
2017-04-25,18510.0,0.0,0.0,18510.0,0.00,0,0,0
2017-04-24,18510.0,0.0,0.0,18510.0,0.00,0,0,0
2017-04-21,18510.0,0.0,0.0,18510.0,0.00,0,0,0
2017-04-20,18510.0,0.0,0.0,18510.0,0.00,0,0,0
2017-04-19,18510.0,0.0,0.0,18510.0,0.00,0,0,0
2017-04-18,18510.0,0.0,0.0,18510.0,0.00,0,0,0
2017-04-13,18510.0,0.0,0.0,18510.0,0.00,0,0,0
2017-04-12,18510.0,0.0,0.0,18510.0,0.00,0,0,0
2017-04-11,18510.0,0.0,0.0,18510.0,0.00,0,0,0
2017-04-10,18510.0,0.0,0.0,18510.0,0.00,0,0,0
2017-04-07,18510.0,0.0,0.0,18510.0,0.00,0,0,0
2017-04-06,18510.0,0.0,0.0,18510.0,0.00,0,0,0
2017-04-05,18510.0,0.0,0.0,18510.0,0.00,0,0,0
2017-04-04,18510.0,0.0,0.0,18510.0,0.00,0,0,0
2017-04-03,18510.0,0.0,0.0,18510.0,0.00,0,0,0
2017-03-31,18510.0,0.0,0.0,18510.0,0.00,0,0,0
2017-03-30,18510.0,0.0,0.0,18510.0,0.00,0,0,0
2017-03-29,18510.0,0.0,0.0,18510.0,0.00,0,0,0
2017-03-28,18510.0,18510.0,18510.0,18510.0,0.00,280,"5,182,800","5,182,800"
2017-03-27,18510.0,0.0,0.0,18510.0,0.00,0,0,0
2017-03-24,18510.0,18510.0,18510.0,18510.0,0.00,273,"5,053,230","5,053,230"
2017-03-23,18510.0,0.0,0.0,18510.0,0.00,0,0,0
2017-03-22,18510.0,0.0,0.0,18510.0,0.00,0,0,0
2017-03-21,18510.0,0.0,0.0,18510.0,0.00,0,0,0
2017-03-20,18510.0,0.0,0.0,18510.0,0.00,0,0,0
2017-03-17,18510.0,0.0,0.0,18510.0,0.00,0,0,0
2017-03-16,18510.0,0.0,0.0,18510.0,0.00,0,0,0
2017-03-15,18510.0,0.0,0.0,18510.0,0.00,0,0,0
2017-03-14,18510.0,0.0,0.0,18510.0,0.00,0,0,0
2017-03-13,18510.0,0.0,0.0,18510.0,0.00,0,0,0
2017-03-10,18510.0,0.0,0.0,18510.0,0.00,0,0,0
2017-03-09,18510.0,0.0,0.0,18510.0,0.00,0,0,0
2017-03-08,18510.0,0.0,0.0,18510.0,0.00,0,0,0
2017-03-07,18510.0,0.0,0.0,18510.0,0.00,0,0,0
2017-03-06,18510.0,0.0,0.0,18510.0,0.00,0,0,0
2017-03-03,18510.0,0.0,0.0,18510.0,0.00,0,0,0
2017-03-02,18510.0,0.0,0.0,18510.0,0.00,0,0,0
2017-03-01,18510.0,0.0,0.0,18510.0,0.00,0,0,0
2017-02-28,18510.0,0.0,0.0,18510.0,0.00,0,0,0
2017-02-27,18510.0,0.0,0.0,18510.0,0.00,0,0,0
2017-02-24,18510.0,0.0,0.0,18510.0,0.00,0,0,0
2017-02-23,18510.0,0.0,0.0,18510.0,0.00,0,0,0
2017-02-22,18510.0,0.0,0.0,18510.0,0.00,0,0,0
2017-02-21,18510.0,0.0,0.0,18510.0,0.00,0,0,0
2017-02-20,18510.0,0.0,0.0,18510.0,0.00,0,0,0
2017-02-17,18510.0,0.0,0.0,18510.0,0.00,0,0,0
2017-02-16,18510.0,0.0,0.0,18510.0,0.00,0,0,0
2017-02-15,18510.0,0.0,0.0,18510.0,0.00,0,0,0
2017-02-14,18510.0,0.0,0.0,18510.0,0.00,0,0,0
2017-02-13,18510.0,0.0,0.0,18510.0,0.00,0,0,0
2017-02-10,18510.0,0.0,0.0,18510.0,0.00,0,0,0
2017-02-09,18510.0,0.0,0.0,18510.0,0.00,0,0,0
2017-02-08,18510.0,0.0,0.0,18510.0,0.00,0,0,0
2017-02-07,18510.0,0.0,0.0,18510.0,0.00,0,0,0
2017-02-06,18510.0,0.0,0.0,18510.0,0.00,0,0,0
2017-02-03,18510.0,0.0,0.0,18510.0,0.00,0,0,0
2017-02-02,18510.0,0.0,0.0,18510.0,0.00,0,0,0
2017-02-01,18510.0,0.0,0.0,18510.0,0.00,0,0,0
2017-01-31,18510.0,0.0,0.0,18510.0,0.00,0,0,0
2017-01-30,18510.0,0.0,0.0,18510.0,0.00,0,0,0
2017-01-27,18510.0,0.0,0.0,18510.0,0.00,0,0,0
2017-01-26,18510.0,0.0,0.0,18510.0,0.00,0,0,0
2017-01-25,18510.0,0.0,0.0,18510.0,0.00,0,0,0
2017-01-24,18510.0,0.0,0.0,18510.0,0.00,0,0,0
2017-01-23,18510.0,0.0,0.0,18510.0,0.00,0,0,0
2017-01-20,18510.0,0.0,0.0,18510.0,0.00,0,0,0
2017-01-18,18510.0,0.0,0.0,18510.0,0.00,0,0,0
2017-01-17,18510.0,0.0,0.0,18510.0,0.00,0,0,0
2017-01-16,18510.0,0.0,0.0,18510.0,0.00,0,0,0
2017-01-13,18510.0,0.0,0.0,18510.0,0.00,0,0,0
2017-01-12,18510.0,0.0,0.0,18510.0,0.00,0,0,0
2017-01-11,18510.0,0.0,0.0,18510.0,0.00,0,0,0
2017-01-10,18510.0,0.0,0.0,18510.0,0.00,0,0,0
2017-01-09,18510.0,0.0,0.0,18510.0,0.00,0,0,0
2017-01-05,18510.0,0.0,0.0,18510.0,0.00,0,0,0
2017-01-04,18510.0,0.0,0.0,18510.0,0.00,0,0,0
2017-01-03,18510.0,0.0,0.0,18510.0,0.00,0,0,0
2016-12-29,18510.0,0.0,0.0,18510.0,0.00,0,0,0
2016-12-28,18510.0,0.0,0.0,18510.0,0.00,0,0,0
2016-12-27,18510.0,0.0,0.0,18510.0,0.00,0,0,0
2016-12-26,18510.0,0.0,0.0,18510.0,0.00,0,0,0
2016-12-23,18510.0,0.0,0.0,18510.0,0.00,0,0,0
2016-12-22,18510.0,18510.0,18510.0,18510.0,0.00,13,"240,630","240,630"
2016-12-21,18510.0,0.0,0.0,18510.0,0.00,0,0,0
2016-12-20,18510.0,0.0,0.0,18510.0,0.00,0,0,0
2016-12-19,18510.0,0.0,0.0,18510.0,0.00,0,0,0
2016-12-16,18510.0,0.0,0.0,18510.0,0.00,0,0,0
2016-12-15,18510.0,0.0,0.0,18510.0,0.00,0,0,0
2016-12-14,18510.0,0.0,0.0,18510.0,0.00,0,0,0
2016-12-13,18510.0,0.0,0.0,18510.0,0.00,0,0,0
2016-12-12,18510.0,0.0,0.0,18510.0,0.00,0,0,0
2016-12-09,18510.0,0.0,0.0,18510.0,0.00,0,0,0
2016-12-07,18510.0,0.0,0.0,18510.0,0.00,0,0,0
2016-12-06,18510.0,0.0,0.0,18510.0,0.00,0,0,0
2016-12-05,18510.0,0.0,0.0,18510.0,0.00,0,0,0
2016-12-02,18510.0,0.0,0.0,18510.0,0.00,0,0,0
2016-12-01,18510.0,0.0,0.0,18510.0,0.00,0,0,0
2016-11-29,18510.0,0.0,0.0,18510.0,0.00,0,0,0
2016-11-28,18510.0,18510.0,18510.0,18510.0,0.00,11,"203,610","203,610"
2016-11-25,18510.0,0.0,0.0,18510.0,0.00,0,0,0
2016-11-24,18510.0,0.0,0.0,18510.0,0.00,0,0,0
2016-11-23,18510.0,0.0,0.0,18510.0,0.00,0,0,0
2016-11-22,18510.0,0.0,0.0,18510.0,0.00,0,0,0
2016-11-21,18510.0,0.0,0.0,18510.0,0.00,0,0,0
2016-11-18,18510.0,0.0,0.0,18510.0,0.00,0,0,0
2016-11-17,18510.0,0.0,0.0,18510.0,0.00,0,0,0
2016-11-16,18510.0,0.0,0.0,18510.0,0.00,0,0,0
2016-11-15,18510.0,0.0,0.0,18510.0,0.00,0,0,0
2016-11-14,18510.0,0.0,0.0,18510.0,0.00,0,0,0
2016-11-11,18510.0,0.0,0.0,18510.0,0.00,0,0,0
2016-11-10,18510.0,0.0,0.0,18510.0,0.00,0,0,0
2016-11-09,18510.0,0.0,0.0,18510.0,0.00,0,0,0
2016-11-08,18510.0,0.0,0.0,18510.0,0.00,0,0,0
2016-11-07,18510.0,0.0,0.0,18510.0,0.00,0,0,0
2016-11-04,18510.0,0.0,0.0,18510.0,0.00,0,0,0
2016-11-03,18510.0,0.0,0.0,18510.0,0.00,0,0,0
2016-11-02,18510.0,0.0,0.0,18510.0,0.00,0,0,0
2016-11-01,18510.0,0.0,0.0,18510.0,0.00,0,0,0
2016-10-31,18510.0,18510.0,18510.0,18510.0,54.25,50,"925,500","925,500"
2016-10-28,12000.0,0.0,0.0,12000.0,0.00,0,0,0
2016-10-27,12000.0,0.0,0.0,12000.0,0.00,0,0,0
2016-10-26,12000.0,0.0,0.0,12000.0,0.00,0,0,0
2016-10-25,12000.0,0.0,0.0,12000.0,0.00,0,0,0
2016-10-21,12000.0,0.0,0.0,12000.0,0.00,0,0,0
2016-10-20,12000.0,0.0,0.0,12000.0,0.00,0,0,0
2016-10-19,12000.0,0.0,0.0,12000.0,0.00,0,0,0
2015-12-29,12000.0,0.0,0.0,12000.0,0.00,0,0,0
2015-12-28,12000.0,0.0,0.0,12000.0,0.00,0,0,0
2015-12-25,12000.0,0.0,0.0,12000.0,0.00,0,0,0
2015-12-24,12000.0,0.0,0.0,12000.0,0.00,0,0,0
2015-12-23,12000.0,0.0,0.0,12000.0,0.00,0,0,0
2015-12-22,12000.0,0.0,0.0,12000.0,0.00,0,0,0
2015-12-21,12000.0,0.0,0.0,12000.0,0.00,0,0,0
2015-12-18,12000.0,0.0,0.0,12000.0,0.00,0,0,0
2015-12-17,12000.0,0.0,0.0,12000.0,0.00,0,0,0
2015-12-16,12000.0,0.0,0.0,12000.0,0.00,0,0,0
2015-12-15,12000.0,0.0,0.0,12000.0,0.00,0,0,0
2015-12-14,12000.0,0.0,0.0,12000.0,0.00,0,0,0
2015-12-11,12000.0,0.0,0.0,12000.0,0.00,0,0,0
2015-12-10,12000.0,0.0,0.0,12000.0,0.00,0,0,0
2015-12-09,12000.0,0.0,0.0,12000.0,0.00,0,0,0
2015-12-07,12000.0,0.0,0.0,12000.0,0.00,0,0,0
2015-12-04,12000.0,0.0,0.0,12000.0,0.00,0,0,0
2015-12-03,12000.0,0.0,0.0,12000.0,0.00,0,0,0
2015-12-01,12000.0,0.0,0.0,12000.0,0.00,0,0,0
2015-11-30,12000.0,0.0,0.0,12000.0,0.00,0,0,0
2015-11-27,12000.0,0.0,0.0,12000.0,0.00,0,0,0
2015-11-26,12000.0,0.0,0.0,12000.0,0.00,0,0,0
2015-11-25,12000.0,0.0,0.0,12000.0,0.00,0,0,0
2015-11-24,12000.0,0.0,0.0,12000.0,0.00,0,0,0
2015-11-23,12000.0,0.0,0.0,12000.0,0.00,0,0,0
2015-11-20,12000.0,0.0,0.0,12000.0,0.00,0,0,0
2015-11-19,12000.0,0.0,0.0,12000.0,0.00,0,0,0
2015-11-18,12000.0,0.0,0.0,12000.0,0.00,0,0,0
2015-11-17,12000.0,0.0,0.0,12000.0,0.00,0,0,0
2015-11-16,12000.0,0.0,0.0,12000.0,0.00,0,0,0
2015-11-13,12000.0,0.0,0.0,12000.0,0.00,0,0,0
2015-11-12,12000.0,0.0,0.0,12000.0,0.00,0,0,0
2015-11-11,12000.0,0.0,0.0,12000.0,0.00,0,0,0
2015-11-10,12000.0,0.0,0.0,12000.0,0.00,0,0,0
2015-11-09,12000.0,0.0,0.0,12000.0,0.00,0,0,0
2015-11-06,12000.0,0.0,0.0,12000.0,0.00,0,0,0
2015-11-05,12000.0,0.0,0.0,12000.0,0.00,0,0,0
2015-11-04,12000.0,0.0,0.0,12000.0,0.00,0,0,0
2015-11-03,12000.0,0.0,0.0,12000.0,0.00,0,0,0
2015-11-02,12000.0,0.0,0.0,12000.0,0.00,0,0,0
2015-10-30,12000.0,0.0,0.0,12000.0,0.00,0,0,0
2015-10-29,12000.0,0.0,0.0,12000.0,0.00,0,0,0
2015-10-28,12000.0,0.0,0.0,12000.0,0.00,0,0,0
2015-10-27,12000.0,0.0,0.0,12000.0,0.00,0,0,0
2015-10-26,12000.0,0.0,0.0,12000.0,0.00,0,0,0
2015-10-22,12000.0,0.0,0.0,12000.0,0.00,0,0,0
2015-10-21,12000.0,0.0,0.0,12000.0,0.00,0,0,0
2015-10-20,12000.0,0.0,0.0,12000.0,0.00,0,0,0
2015-10-19,12000.0,0.0,0.0,12000.0,0.00,0,0,0
2015-10-16,12000.0,0.0,0.0,12000.0,0.00,0,0,0
2015-10-15,12000.0,0.0,0.0,12000.0,0.00,0,0,0
2015-10-14,12000.0,0.0,0.0,12000.0,0.00,0,0,0
2015-10-13,12000.0,0.0,0.0,12000.0,0.00,0,0,0
2015-10-09,12000.0,0.0,0.0,12000.0,0.00,0,0,0
2015-10-08,12000.0,0.0,0.0,12000.0,0.00,0,0,0
2015-10-07,12000.0,0.0,0.0,12000.0,0.00,0,0,0
2015-10-06,12000.0,0.0,0.0,12000.0,0.00,0,0,0
2015-10-05,12000.0,0.0,0.0,12000.0,0.00,0,0,0
2015-10-02,12000.0,0.0,0.0,12000.0,0.00,0,0,0
2015-10-01,12000.0,0.0,0.0,12000.0,0.00,0,0,0
2015-09-30,12000.0,0.0,0.0,12000.0,0.00,0,0,0
2015-09-29,12000.0,0.0,0.0,12000.0,0.00,0,0,0
2015-09-28,12000.0,0.0,0.0,12000.0,0.00,0,0,0
2015-09-25,12000.0,0.0,0.0,12000.0,0.00,0,0,0
2015-09-24,12000.0,0.0,0.0,12000.0,0.00,0,0,0
2015-09-23,12000.0,0.0,0.0,12000.0,0.00,0,0,0
2015-09-22,12000.0,0.0,0.0,12000.0,0.00,0,0,0
2015-09-21,12000.0,0.0,0.0,12000.0,0.00,0,0,0
2015-09-18,12000.0,0.0,0.0,12000.0,0.00,0,0,0
2015-09-17,12000.0,0.0,0.0,12000.0,0.00,0,0,0
2015-09-16,12000.0,0.0,0.0,12000.0,0.00,0,0,0
2015-09-15,12000.0,0.0,0.0,12000.0,0.00,0,0,0
2015-09-14,12000.0,0.0,0.0,12000.0,0.00,0,0,0
2015-09-11,12000.0,0.0,0.0,12000.0,0.00,0,0,0
2015-09-10,12000.0,0.0,0.0,12000.0,0.00,0,0,0
2015-09-09,12000.0,0.0,0.0,12000.0,0.00,0,0,0
2015-09-07,12000.0,0.0,0.0,12000.0,0.00,0,0,0
2015-09-04,12000.0,0.0,0.0,12000.0,0.00,0,0,0
2015-09-03,12000.0,0.0,0.0,12000.0,0.00,0,0,0
2015-09-02,12000.0,0.0,0.0,12000.0,0.00,0,0,0
2015-09-01,12000.0,0.0,0.0,12000.0,0.00,0,0,0
2015-08-31,12000.0,0.0,0.0,12000.0,0.00,0,0,0
2015-08-27,12000.0,0.0,0.0,12000.0,0.00,0,0,0
2015-08-26,12000.0,0.0,0.0,12000.0,0.00,0,0,0
2015-08-25,12000.0,0.0,0.0,12000.0,0.00,0,0,0
2015-08-24,12000.0,0.0,0.0,12000.0,0.00,0,0,0
2015-08-21,12000.0,0.0,0.0,12000.0,0.00,0,0,0
2015-08-20,12000.0,0.0,0.0,12000.0,0.00,0,0,0
2015-08-19,12000.0,0.0,0.0,12000.0,0.00,0,0,0
2015-08-18,12000.0,0.0,0.0,12000.0,0.00,0,0,0
2015-08-17,12000.0,0.0,0.0,12000.0,0.00,0,0,0
2015-08-14,12000.0,0.0,0.0,12000.0,0.00,0,0,0
2015-08-13,12000.0,0.0,0.0,12000.0,0.00,0,0,0
2015-08-12,12000.0,0.0,0.0,12000.0,0.00,0,0,0
2015-08-11,12000.0,0.0,0.0,12000.0,0.00,0,0,0
2015-08-10,12000.0,0.0,0.0,12000.0,0.00,0,0,0
2015-08-07,12000.0,0.0,0.0,12000.0,0.00,0,0,0
2015-08-06,12000.0,0.0,0.0,12000.0,0.00,0,0,0
2015-08-05,12000.0,0.0,0.0,12000.0,0.00,0,0,0
2015-08-04,12000.0,0.0,0.0,12000.0,0.00,0,0,0
2015-07-31,12000.0,0.0,0.0,12000.0,0.00,0,0,0
2015-07-30,12000.0,0.0,0.0,12000.0,0.00,0,0,0
2015-07-29,12000.0,0.0,0.0,12000.0,0.00,0,0,0
2015-07-28,12000.0,0.0,0.0,12000.0,0.00,0,0,0
2015-07-27,12000.0,0.0,0.0,12000.0,0.00,0,0,0
2015-07-24,12000.0,0.0,0.0,12000.0,0.00,0,0,0
2015-07-23,12000.0,0.0,0.0,12000.0,0.00,0,0,0
2015-07-22,12000.0,0.0,0.0,12000.0,0.00,0,0,0
2015-07-21,12000.0,0.0,0.0,12000.0,0.00,0,0,0
2015-07-20,12000.0,0.0,0.0,12000.0,0.00,0,0,0
2015-07-16,12000.0,0.0,0.0,12000.0,0.00,0,0,0
2015-07-15,12000.0,0.0,0.0,12000.0,0.00,0,0,0
2015-07-14,12000.0,0.0,0.0,12000.0,0.00,0,0,0
2015-07-13,12000.0,0.0,0.0,12000.0,0.00,0,0,0
2015-07-10,12000.0,0.0,0.0,12000.0,0.00,0,0,0
2015-07-09,12000.0,0.0,0.0,12000.0,0.00,0,0,0
2015-07-08,12000.0,0.0,0.0,12000.0,0.00,0,0,0
2015-07-07,12000.0,0.0,0.0,12000.0,0.00,0,0,0
2015-07-06,12000.0,0.0,0.0,12000.0,0.00,0,0,0
2015-07-03,12000.0,0.0,0.0,12000.0,0.00,0,0,0
2015-07-02,12000.0,0.0,0.0,12000.0,0.00,0,0,0
2015-07-01,12000.0,0.0,0.0,12000.0,0.00,0,0,0
2015-06-30,12000.0,0.0,0.0,12000.0,0.00,0,0,0
2015-06-29,12000.0,0.0,0.0,12000.0,0.00,0,0,0
2015-06-26,12000.0,0.0,0.0,12000.0,0.00,0,0,0
2015-06-25,12000.0,0.0,0.0,12000.0,0.00,0,0,0
2015-06-24,12000.0,0.0,0.0,12000.0,0.00,0,0,0
2015-06-23,12000.0,0.0,0.0,12000.0,0.00,0,0,0
2015-06-22,12000.0,0.0,0.0,12000.0,0.00,0,0,0
2015-06-19,12000.0,0.0,0.0,12000.0,0.00,0,0,0
2015-06-18,12000.0,0.0,0.0,12000.0,0.00,0,0,0
2015-06-17,12000.0,0.0,0.0,12000.0,0.00,0,0,0
2015-06-16,12000.0,0.0,0.0,12000.0,0.00,0,0,0
2015-06-15,12000.0,0.0,0.0,12000.0,0.00,0,0,0
2015-06-12,12000.0,0.0,0.0,12000.0,0.00,0,0,0
2015-06-11,12000.0,0.0,0.0,12000.0,0.00,0,0,0
2015-06-10,12000.0,0.0,0.0,12000.0,0.00,0,0,0
2015-06-09,12000.0,0.0,0.0,12000.0,0.00,0,0,0
2015-06-08,12000.0,0.0,0.0,12000.0,0.00,0,0,0
2015-06-05,12000.0,0.0,0.0,12000.0,0.00,0,0,0
2015-06-04,12000.0,0.0,0.0,12000.0,0.00,0,0,0
2015-06-03,12000.0,0.0,0.0,12000.0,0.00,0,0,0
2015-06-02,12000.0,0.0,0.0,12000.0,0.00,0,0,0
2015-06-01,12000.0,0.0,0.0,12000.0,0.00,0,0,0
2015-05-28,12000.0,0.0,0.0,12000.0,0.00,0,0,0
2015-05-27,12000.0,0.0,0.0,12000.0,0.00,0,0,0
2015-05-26,12000.0,0.0,0.0,12000.0,0.00,0,0,0
2015-05-22,12000.0,0.0,0.0,12000.0,0.00,0,0,0
2015-05-21,12000.0,0.0,0.0,12000.0,0.00,0,0,0
2015-05-20,12000.0,0.0,0.0,12000.0,0.00,0,0,0
2015-05-19,12000.0,0.0,0.0,12000.0,0.00,0,0,0
2015-05-18,12000.0,0.0,0.0,12000.0,0.00,0,0,0
2015-05-15,12000.0,0.0,0.0,12000.0,0.00,0,0,0
2015-05-14,12000.0,0.0,0.0,12000.0,0.00,0,0,0
2015-05-13,12000.0,0.0,0.0,12000.0,0.00,0,0,0
2015-05-12,12000.0,0.0,0.0,12000.0,0.00,0,0,0
2015-05-11,12000.0,0.0,0.0,12000.0,0.00,0,0,0
2015-05-08,12000.0,0.0,0.0,12000.0,0.00,0,0,0
2015-05-07,12000.0,0.0,0.0,12000.0,0.00,0,0,0
2015-05-06,12000.0,0.0,0.0,12000.0,0.00,0,0,0
2015-05-05,12000.0,0.0,0.0,12000.0,0.00,0,0,0
2015-05-04,12000.0,0.0,0.0,12000.0,0.00,0,0,0
2015-04-30,12000.0,0.0,0.0,12000.0,0.00,0,0,0
2015-04-29,12000.0,0.0,0.0,12000.0,0.00,0,0,0
2015-04-28,12000.0,0.0,0.0,12000.0,0.00,0,0,0
2015-04-27,12000.0,0.0,0.0,12000.0,0.00,0,0,0
2015-04-24,12000.0,0.0,0.0,12000.0,0.00,0,0,0
2015-04-23,12000.0,0.0,0.0,12000.0,0.00,0,0,0
2015-04-22,12000.0,0.0,0.0,12000.0,0.00,0,0,0
2015-04-21,12000.0,0.0,0.0,12000.0,0.00,0,0,0
2015-04-20,12000.0,0.0,0.0,12000.0,0.00,0,0,0
2015-04-17,12000.0,0.0,0.0,12000.0,0.00,0,0,0
2015-04-16,12000.0,0.0,0.0,12000.0,0.00,0,0,0
2015-04-15,12000.0,0.0,0.0,12000.0,0.00,0,0,0
2015-04-14,12000.0,0.0,0.0,12000.0,0.00,0,0,0
2015-04-09,12000.0,0.0,0.0,12000.0,0.00,0,0,0
2015-04-08,12000.0,0.0,0.0,12000.0,0.00,0,0,0
2015-04-07,12000.0,0.0,0.0,12000.0,0.00,0,0,0
2015-04-06,12000.0,0.0,0.0,12000.0,0.00,0,0,0
2015-04-03,12000.0,0.0,0.0,12000.0,0.00,0,0,0
2015-04-02,12000.0,0.0,0.0,12000.0,0.00,0,0,0
2015-04-01,12000.0,0.0,0.0,12000.0,0.00,0,0,0
2015-03-31,12000.0,0.0,0.0,12000.0,0.00,0,0,0
2015-03-30,12000.0,0.0,0.0,12000.0,0.00,0,0,0
2015-03-27,12000.0,0.0,0.0,12000.0,0.00,0,0,0
2015-03-26,12000.0,0.0,0.0,12000.0,0.00,0,0,0
2015-03-25,12000.0,0.0,0.0,12000.0,0.00,0,0,0
2015-03-24,12000.0,0.0,0.0,12000.0,0.00,0,0,0
2015-03-23,12000.0,0.0,0.0,12000.0,0.00,0,0,0
2015-03-20,12000.0,0.0,0.0,12000.0,0.00,0,0,0
2015-03-19,12000.0,0.0,0.0,12000.0,0.00,0,0,0
2015-03-18,12000.0,0.0,0.0,12000.0,0.00,0,0,0
2015-03-17,12000.0,0.0,0.0,12000.0,0.00,0,0,0
2015-03-16,12000.0,0.0,0.0,12000.0,0.00,0,0,0
2015-03-13,12000.0,0.0,0.0,12000.0,0.00,0,0,0
2015-03-12,12000.0,0.0,0.0,12000.0,0.00,0,0,0
2015-03-11,12000.0,0.0,0.0,12000.0,0.00,0,0,0
2015-03-10,12000.0,0.0,0.0,12000.0,0.00,0,0,0
2015-03-09,12000.0,0.0,0.0,12000.0,0.00,0,0,0
2015-03-06,12000.0,0.0,0.0,12000.0,0.00,0,0,0
2015-03-05,12000.0,0.0,0.0,12000.0,0.00,0,0,0
2015-03-04,12000.0,0.0,0.0,12000.0,0.00,0,0,0
2015-03-03,12000.0,0.0,0.0,12000.0,0.00,0,0,0
2015-03-02,12000.0,0.0,0.0,12000.0,0.00,0,0,0
2015-02-27,12000.0,0.0,0.0,12000.0,0.00,0,0,0
2015-02-26,12000.0,0.0,0.0,12000.0,0.00,0,0,0
2015-02-25,12000.0,0.0,0.0,12000.0,0.00,0,0,0
2015-02-24,12000.0,0.0,0.0,12000.0,0.00,0,0,0
2015-02-23,12000.0,0.0,0.0,12000.0,0.00,0,0,0
2015-02-20,12000.0,0.0,0.0,12000.0,0.00,0,0,0
2015-02-19,12000.0,0.0,0.0,12000.0,0.00,0,0,0
2015-02-18,12000.0,0.0,0.0,12000.0,0.00,0,0,0
2015-02-17,12000.0,0.0,0.0,12000.0,0.00,0,0,0
2015-02-16,12000.0,0.0,0.0,12000.0,0.00,0,0,0
2015-02-13,12000.0,0.0,0.0,12000.0,0.00,0,0,0
2015-02-12,12000.0,0.0,0.0,12000.0,0.00,0,0,0
2015-02-11,12000.0,0.0,0.0,12000.0,0.00,0,0,0
2015-02-10,12000.0,0.0,0.0,12000.0,0.00,0,0,0
2015-02-09,12000.0,0.0,0.0,12000.0,0.00,0,0,0
2015-02-06,12000.0,0.0,0.0,12000.0,0.00,0,0,0
2015-02-05,12000.0,0.0,0.0,12000.0,0.00,0,0,0
2015-02-04,12000.0,0.0,0.0,12000.0,0.00,0,0,0
2015-02-03,12000.0,0.0,0.0,12000.0,0.00,0,0,0
2015-02-02,12000.0,0.0,0.0,12000.0,0.00,0,0,0
2015-01-30,12000.0,0.0,0.0,12000.0,0.00,0,0,0
2015-01-29,12000.0,0.0,0.0,12000.0,0.00,0,0,0
2015-01-28,12000.0,0.0,0.0,12000.0,0.00,0,0,0
2015-01-27,12000.0,0.0,0.0,12000.0,0.00,0,0,0
2015-01-26,12000.0,0.0,0.0,12000.0,0.00,0,0,0
2015-01-23,12000.0,0.0,0.0,12000.0,0.00,0,0,0
2015-01-22,12000.0,0.0,0.0,12000.0,0.00,0,0,0
2015-01-21,12000.0,0.0,0.0,12000.0,0.00,0,0,0
