Date,Price,Min,Max,AvgPrice,chg,Volume,TurnoverBEST,TurnoverTotal
2025-01-15,50.0,0,0,50.0,0.00,0,0,0
2025-01-14,50.0,0,0,50.0,0.00,0,0,0
2025-01-13,50.0,0,0,50.0,0.00,0,0,0
2025-01-10,50.0,0,0,50.0,0.00,0,0,0
2025-01-09,50.0,0.0,0.0,50.0,0.00,0,0,0
2025-01-08,50.0,0.0,0.0,50.0,0.00,0,0,0
2025-01-03,50.0,0.0,0.0,50.0,0.00,0,0,0
2025-01-02,50.0,0.0,0.0,50.0,0.00,0,0,0
2024-12-30,50.0,0.0,0.0,50.0,0.00,0,0,0
2024-12-27,50.0,0.0,0.0,50.0,0.00,0,0,0
2024-12-26,50.0,0.0,0.0,50.0,0.00,0,0,0
2024-12-25,50.0,50.0,50.0,50.0,0.00,"80,670","4,033,500","4,033,500"
2024-12-24,50.0,0.0,0.0,50.0,0.00,0,0,0
2024-12-23,50.0,0.0,0.0,50.0,0.00,0,0,0
2024-12-20,50.0,0.0,0.0,50.0,0.00,0,0,0
2024-12-19,50.0,0.0,0.0,50.0,0.00,0,0,0
2024-12-18,50.0,50.0,50.0,50.0,0.00,"26,654","1,332,700","1,332,700"
2024-12-17,50.0,0.0,0.0,50.0,0.00,0,0,0
2024-12-16,50.0,0.0,0.0,50.0,0.00,0,0,0
2024-12-13,50.0,0.0,0.0,50.0,0.00,0,0,0
2024-12-12,50.0,0.0,0.0,50.0,0.00,0,0,0
2024-12-11,50.0,0.0,0.0,50.0,0.00,0,0,0
2024-12-10,50.0,0.0,0.0,50.0,0.00,0,0,0
2024-12-06,50.0,0.0,0.0,50.0,0.00,0,0,0
2024-12-05,50.0,0.0,0.0,50.0,0.00,0,0,0
2024-12-04,50.0,0.0,0.0,50.0,0.00,0,0,0
2024-12-03,50.0,0.0,0.0,50.0,0.00,0,0,0
2024-12-02,50.0,0.0,0.0,50.0,0.00,0,0,0
2024-11-29,50.0,0.0,0.0,50.0,0.00,0,0,0
2024-11-28,50.0,0.0,0.0,50.0,0.00,0,0,0
2024-11-27,50.0,0.0,0.0,50.0,0.00,0,0,0
2024-11-26,50.0,0.0,0.0,50.0,0.00,0,0,0
2024-11-25,50.0,0.0,0.0,50.0,0.00,0,0,0
2024-11-22,50.0,0.0,0.0,50.0,0.00,0,0,0
2024-11-21,50.0,0.0,0.0,50.0,0.00,0,0,0
2024-11-20,50.0,0.0,0.0,50.0,0.00,0,0,0
2024-11-19,50.0,0.0,0.0,50.0,0.00,0,0,0
2024-11-18,50.0,0.0,0.0,50.0,0.00,0,0,0
2024-11-15,50.0,0.0,0.0,50.0,0.00,0,0,0
2024-11-14,50.0,0.0,0.0,50.0,0.00,0,0,0
2024-11-13,50.0,0.0,0.0,50.0,0.00,0,0,0
2024-11-12,50.0,0.0,0.0,50.0,0.00,0,0,0
2024-11-11,50.0,0.0,0.0,50.0,0.00,0,0,0
2024-11-08,50.0,0.0,0.0,50.0,0.00,0,0,0
2024-11-07,50.0,0.0,0.0,50.0,0.00,0,0,0
2024-11-06,50.0,0.0,0.0,50.0,0.00,0,0,0
2024-11-05,50.0,0.0,0.0,50.0,0.00,0,0,0
2024-11-04,50.0,0.0,0.0,50.0,0.00,0,0,0
2024-11-01,50.0,0.0,0.0,50.0,0.00,0,0,0
2024-10-31,50.0,0.0,0.0,50.0,0.00,0,0,0
2024-10-30,50.0,0.0,0.0,50.0,0.00,0,0,0
2024-10-29,50.0,0.0,0.0,50.0,0.00,0,0,0
2024-10-28,50.0,0.0,0.0,50.0,0.00,0,0,0
2024-10-25,50.0,0.0,0.0,50.0,0.00,0,0,0
2024-10-24,50.0,0.0,0.0,50.0,0.00,0,0,0
2024-10-22,50.0,0.0,0.0,50.0,0.00,0,0,0
2024-10-21,50.0,0.0,0.0,50.0,0.00,0,0,0
2024-10-18,50.0,0.0,0.0,50.0,0.00,0,0,0
2024-10-17,50.0,0.0,0.0,50.0,0.00,0,0,0
2024-10-16,50.0,0.0,0.0,50.0,0.00,0,0,0
2024-10-15,50.0,0.0,0.0,50.0,0.00,0,0,0
2024-10-14,50.0,0.0,0.0,50.0,0.00,0,0,0
2024-10-10,50.0,0.0,0.0,50.0,0.00,0,0,0
2024-10-09,50.0,0.0,0.0,50.0,0.00,0,0,0
2024-10-08,50.0,0.0,0.0,50.0,0.00,0,0,0
2024-10-07,50.0,0.0,0.0,50.0,0.00,0,0,0
2024-10-04,50.0,0.0,0.0,50.0,0.00,0,0,0
2024-10-03,50.0,0.0,0.0,50.0,0.00,0,0,0
2024-10-02,50.0,0.0,0.0,50.0,0.00,0,0,0
2024-10-01,50.0,0.0,0.0,50.0,0.00,0,0,0
2024-09-30,50.0,0.0,0.0,50.0,0.00,0,0,0
2024-09-27,50.0,0.0,0.0,50.0,0.00,0,0,0
2024-09-26,50.0,0.0,0.0,50.0,0.00,0,0,0
2024-09-25,50.0,0.0,0.0,50.0,0.00,0,0,0
2024-09-24,50.0,0.0,0.0,50.0,0.00,0,0,0
2024-09-23,50.0,0.0,0.0,50.0,0.00,0,0,0
2024-09-20,50.0,0.0,0.0,50.0,0.00,0,0,0
2024-09-19,50.0,0.0,0.0,50.0,0.00,0,0,0
2024-09-18,50.0,0.0,0.0,50.0,0.00,0,0,0
2024-09-17,50.0,0.0,0.0,50.0,0.00,0,0,0
2024-09-16,50.0,0.0,0.0,50.0,0.00,0,0,0
2024-09-13,50.0,0.0,0.0,50.0,0.00,0,0,0
2024-09-12,50.0,0.0,0.0,50.0,0.00,0,0,0
2024-09-11,50.0,0.0,0.0,50.0,0.00,0,0,0
2024-09-10,50.0,0.0,0.0,50.0,0.00,0,0,0
2024-09-06,50.0,0.0,0.0,50.0,0.00,0,0,0
2024-09-05,50.0,0.0,0.0,50.0,0.00,0,0,0
2024-09-04,50.0,0.0,0.0,50.0,0.00,0,0,0
2024-09-03,50.0,50.0,50.0,50.0,0.00,618,"30,900","30,900"
2024-09-02,50.0,0.0,0.0,50.0,0.00,0,0,0
2024-08-30,50.0,0.0,0.0,50.0,0.00,0,0,0
2024-08-29,50.0,0.0,0.0,50.0,0.00,0,0,0
2024-08-27,50.0,0.0,0.0,50.0,0.00,0,0,0
2024-08-26,50.0,0.0,0.0,50.0,0.00,0,0,0
2024-08-23,50.0,0.0,0.0,50.0,0.00,0,0,0
2024-08-22,50.0,0.0,0.0,50.0,0.00,0,0,0
2024-08-21,50.0,0.0,0.0,50.0,0.00,0,0,0
2024-08-20,50.0,0.0,0.0,50.0,0.00,0,0,0
2024-08-19,50.0,0.0,0.0,50.0,0.00,0,0,0
2024-08-16,50.0,0.0,0.0,50.0,0.00,0,0,0
2024-08-15,50.0,0.0,0.0,50.0,0.00,0,0,0
2024-08-14,50.0,0.0,0.0,50.0,0.00,0,0,0
2024-08-13,50.0,0.0,0.0,50.0,0.00,0,0,0
2024-08-12,50.0,0.0,0.0,50.0,0.00,0,0,0
2024-08-09,50.0,0.0,0.0,50.0,0.00,0,0,0
2024-08-08,50.0,0.0,0.0,50.0,0.00,0,0,0
2024-08-07,50.0,0.0,0.0,50.0,0.00,0,0,0
2024-08-06,50.0,0.0,0.0,50.0,0.00,0,0,0
2024-08-05,50.0,0.0,0.0,50.0,0.00,0,0,0
2024-08-01,50.0,0.0,0.0,50.0,0.00,0,0,0
2024-07-31,50.0,0.0,0.0,50.0,0.00,0,0,0
2024-07-30,50.0,0.0,0.0,50.0,0.00,0,0,0
2024-07-29,50.0,0.0,0.0,50.0,0.00,0,0,0
2024-07-26,50.0,0.0,0.0,50.0,0.00,0,0,0
2024-07-25,50.0,0.0,0.0,50.0,0.00,0,0,0
2024-07-24,50.0,0.0,0.0,50.0,0.00,0,0,0
2024-07-23,50.0,0.0,0.0,50.0,0.00,0,0,0
2024-07-22,50.0,0.0,0.0,50.0,0.00,0,0,0
2024-07-19,50.0,0.0,0.0,50.0,0.00,0,0,0
2024-07-18,50.0,0.0,0.0,50.0,0.00,0,0,0
2024-07-17,50.0,0.0,0.0,50.0,0.00,0,0,0
2024-07-16,50.0,0.0,0.0,50.0,0.00,0,0,0
2024-07-15,50.0,0.0,0.0,50.0,0.00,0,0,0
2024-07-12,50.0,0.0,0.0,50.0,0.00,0,0,0
2024-07-11,50.0,0.0,0.0,50.0,0.00,0,0,0
2024-07-10,50.0,0.0,0.0,50.0,0.00,0,0,0
2024-07-09,50.0,0.0,0.0,50.0,0.00,0,0,0
2024-07-08,50.0,0.0,0.0,50.0,0.00,0,0,0
2024-07-05,50.0,0.0,0.0,50.0,0.00,0,0,0
2024-07-04,50.0,0.0,0.0,50.0,0.00,0,0,0
2024-07-03,50.0,0.0,0.0,50.0,0.00,0,0,0
2024-07-02,50.0,0.0,0.0,50.0,0.00,0,0,0
2024-07-01,50.0,0.0,0.0,50.0,0.00,0,0,0
2024-06-28,50.0,0.0,0.0,50.0,0.00,0,0,0
2024-06-27,50.0,0.0,0.0,50.0,0.00,0,0,0
2024-06-26,50.0,0.0,0.0,50.0,0.00,0,0,0
2024-06-25,50.0,0.0,0.0,50.0,0.00,0,0,0
2024-06-24,50.0,0.0,0.0,50.0,0.00,0,0,0
2024-06-20,50.0,0.0,0.0,50.0,0.00,0,0,0
2024-06-19,50.0,0.0,0.0,50.0,0.00,0,0,0
2024-06-18,50.0,0.0,0.0,50.0,0.00,0,0,0
2024-06-17,50.0,0.0,0.0,50.0,0.00,0,0,0
2024-06-14,50.0,0.0,0.0,50.0,0.00,0,0,0
2024-06-13,50.0,0.0,0.0,50.0,0.00,0,0,0
2024-06-12,50.0,0.0,0.0,50.0,0.00,0,0,0
2024-06-11,50.0,0.0,0.0,50.0,0.00,0,0,0
2024-06-10,50.0,0.0,0.0,50.0,0.00,0,0,0
2024-06-07,50.0,0.0,0.0,50.0,0.00,0,0,0
2024-06-06,50.0,0.0,0.0,50.0,0.00,0,0,0
2024-06-05,50.0,0.0,0.0,50.0,0.00,0,0,0
2024-06-04,50.0,0.0,0.0,50.0,0.00,0,0,0
2024-06-03,50.0,0.0,0.0,50.0,0.00,0,0,0
2024-05-31,50.0,0.0,0.0,50.0,0.00,0,0,0
2024-05-30,50.0,0.0,0.0,50.0,0.00,0,0,0
2024-05-29,50.0,0.0,0.0,50.0,0.00,0,0,0
2024-05-28,50.0,0.0,0.0,50.0,0.00,0,0,0
2024-05-27,50.0,0.0,0.0,50.0,0.00,0,0,0
2024-05-23,50.0,0.0,0.0,50.0,0.00,0,0,0
2024-05-22,50.0,0.0,0.0,50.0,0.00,0,0,0
2024-05-21,50.0,0.0,0.0,50.0,0.00,0,0,0
2024-05-20,50.0,0.0,0.0,50.0,0.00,0,0,0
2024-05-17,50.0,0.0,0.0,50.0,0.00,0,0,0
2024-05-16,50.0,0.0,0.0,50.0,0.00,0,0,0
2024-05-15,50.0,0.0,0.0,50.0,0.00,0,0,0
2024-05-14,50.0,0.0,0.0,50.0,0.00,0,0,0
2024-05-13,50.0,0.0,0.0,50.0,0.00,0,0,0
2024-05-10,50.0,0.0,0.0,50.0,0.00,0,0,0
2024-05-09,50.0,0.0,0.0,50.0,0.00,0,0,0
2024-05-07,50.0,0.0,0.0,50.0,0.00,0,0,0
2024-05-02,50.0,0.0,0.0,50.0,0.00,0,0,0
2024-04-30,50.0,0.0,0.0,50.0,0.00,0,0,0
2024-04-29,50.0,0.0,0.0,50.0,0.00,0,0,0
2024-04-26,50.0,0.0,0.0,50.0,0.00,0,0,0
2024-04-25,50.0,0.0,0.0,50.0,0.00,0,0,0
2024-04-23,50.0,0.0,0.0,50.0,0.00,0,0,0
2024-04-22,50.0,0.0,0.0,50.0,0.00,0,0,0
2024-04-19,50.0,0.0,0.0,50.0,0.00,0,0,0
2024-04-18,50.0,0.0,0.0,50.0,0.00,0,0,0
2024-04-17,50.0,0.0,0.0,50.0,0.00,0,0,0
2024-04-16,50.0,0.0,0.0,50.0,0.00,0,0,0
2024-04-15,50.0,0.0,0.0,50.0,0.00,0,0,0
2024-04-12,50.0,0.0,0.0,50.0,0.00,0,0,0
2024-04-11,50.0,0.0,0.0,50.0,0.00,0,0,0
2024-04-09,50.0,0.0,0.0,50.0,0.00,0,0,0
2024-04-08,50.0,0.0,0.0,50.0,0.00,0,0,0
2024-04-05,50.0,0.0,0.0,50.0,0.00,0,0,0
2024-04-04,50.0,0.0,0.0,50.0,0.00,0,0,0
2024-04-03,50.0,0.0,0.0,50.0,0.00,0,0,0
2024-04-02,50.0,0.0,0.0,50.0,0.00,0,0,0
2024-04-01,50.0,0.0,0.0,50.0,0.00,0,0,0
2024-03-29,50.0,0.0,0.0,50.0,0.00,0,0,0
2024-03-28,50.0,0.0,0.0,50.0,0.00,0,0,0
2024-03-27,50.0,0.0,0.0,50.0,0.00,0,0,0
2024-03-26,50.0,0.0,0.0,50.0,0.00,0,0,0
2024-03-25,50.0,0.0,0.0,50.0,0.00,0,0,0
2024-03-22,50.0,0.0,0.0,50.0,0.00,0,0,0
2024-03-21,50.0,0.0,0.0,50.0,0.00,0,0,0
2024-03-20,50.0,0.0,0.0,50.0,0.00,0,0,0
2024-03-19,50.0,0.0,0.0,50.0,0.00,0,0,0
2024-03-18,50.0,0.0,0.0,50.0,0.00,0,0,0
2024-03-15,50.0,0.0,0.0,50.0,0.00,0,0,0
2024-03-14,50.0,0.0,0.0,50.0,0.00,0,0,0
2024-03-13,50.0,0.0,0.0,50.0,0.00,0,0,0
2024-03-12,50.0,0.0,0.0,50.0,0.00,0,0,0
2024-03-11,50.0,0.0,0.0,50.0,0.00,0,0,0
2024-03-08,50.0,0.0,0.0,50.0,0.00,0,0,0
2024-03-07,50.0,0.0,0.0,50.0,0.00,0,0,0
2024-03-06,50.0,0.0,0.0,50.0,0.00,0,0,0
2024-03-05,50.0,0.0,0.0,50.0,0.00,0,0,0
2024-03-04,50.0,0.0,0.0,50.0,0.00,0,0,0
2024-03-01,50.0,0.0,0.0,50.0,0.00,0,0,0
2024-02-29,50.0,0.0,0.0,50.0,0.00,0,0,0
2024-02-28,50.0,0.0,0.0,50.0,0.00,0,0,0
2024-02-27,50.0,0.0,0.0,50.0,0.00,0,0,0
2024-02-26,50.0,0.0,0.0,50.0,0.00,0,0,0
2024-02-23,50.0,0.0,0.0,50.0,0.00,0,0,0
2024-02-22,50.0,0.0,0.0,50.0,0.00,0,0,0
2024-02-21,50.0,0.0,0.0,50.0,0.00,0,0,0
2024-02-20,50.0,0.0,0.0,50.0,0.00,0,0,0
2024-02-19,50.0,0.0,0.0,50.0,0.00,0,0,0
2024-02-16,50.0,0.0,0.0,50.0,0.00,0,0,0
2024-02-15,50.0,0.0,0.0,50.0,0.00,0,0,0
2024-02-14,50.0,0.0,0.0,50.0,0.00,0,0,0
2024-02-13,50.0,0.0,0.0,50.0,0.00,0,0,0
2024-02-12,50.0,0.0,0.0,50.0,0.00,0,0,0
2024-02-09,50.0,0.0,0.0,50.0,0.00,0,0,0
2024-02-08,50.0,0.0,0.0,50.0,0.00,0,0,0
2024-02-07,50.0,0.0,0.0,50.0,0.00,0,0,0
2024-02-06,50.0,0.0,0.0,50.0,0.00,0,0,0
2024-02-05,50.0,0.0,0.0,50.0,0.00,0,0,0
2024-02-02,50.0,0.0,0.0,50.0,0.00,0,0,0
2024-02-01,50.0,0.0,0.0,50.0,0.00,0,0,0
2024-01-31,50.0,0.0,0.0,50.0,0.00,0,0,0
2024-01-30,50.0,0.0,0.0,50.0,0.00,0,0,0
2024-01-29,50.0,0.0,0.0,50.0,0.00,0,0,0
2024-01-26,50.0,0.0,0.0,50.0,0.00,0,0,0
2024-01-25,50.0,0.0,0.0,50.0,0.00,0,0,0
2024-01-24,50.0,0.0,0.0,50.0,0.00,0,0,0
2024-01-23,50.0,0.0,0.0,50.0,0.00,0,0,0
2024-01-22,50.0,0.0,0.0,50.0,0.00,0,0,0
2024-01-18,50.0,0.0,0.0,50.0,0.00,0,0,0
2024-01-17,50.0,0.0,0.0,50.0,0.00,0,0,0
2024-01-16,50.0,0.0,0.0,50.0,0.00,0,0,0
2024-01-15,50.0,0.0,0.0,50.0,0.00,0,0,0
2024-01-12,50.0,0.0,0.0,50.0,0.00,0,0,0
2024-01-11,50.0,0.0,0.0,50.0,0.00,0,0,0
2024-01-10,50.0,0.0,0.0,50.0,0.00,0,0,0
2024-01-09,50.0,0.0,0.0,50.0,0.00,0,0,0
2024-01-05,50.0,0.0,0.0,50.0,0.00,0,0,0
2024-01-04,50.0,0.0,0.0,50.0,0.00,0,0,0
2024-01-03,50.0,0.0,0.0,50.0,0.00,0,0,0
2024-01-02,50.0,0.0,0.0,50.0,0.00,0,0,0
2023-12-28,50.0,0.0,0.0,50.0,0.00,0,0,0
2023-12-27,50.0,0.0,0.0,50.0,0.00,0,0,0
2023-12-26,50.0,0.0,0.0,50.0,0.00,0,0,0
2023-12-25,50.0,0.0,0.0,50.0,0.00,0,0,0
2023-12-22,50.0,0.0,0.0,50.0,0.00,0,0,0
2023-12-21,50.0,0.0,0.0,50.0,0.00,0,0,0
2023-12-20,50.0,0.0,0.0,50.0,0.00,0,0,0
2023-12-19,50.0,0.0,0.0,50.0,0.00,0,0,0
2023-12-18,50.0,0.0,0.0,50.0,0.00,0,0,0
2023-12-15,50.0,0.0,0.0,50.0,0.00,0,0,0
2023-12-14,50.0,50.0,50.0,50.0,0.00,"1,392","69,600","69,600"
2023-12-13,50.0,0.0,0.0,50.0,0.00,0,0,0
2023-12-12,50.0,0.0,0.0,50.0,0.00,0,0,0
2023-12-11,50.0,0.0,0.0,50.0,0.00,0,0,0
2023-12-07,50.0,0.0,0.0,50.0,0.00,0,0,0
2023-12-06,50.0,0.0,0.0,50.0,0.00,0,0,0
2023-12-05,50.0,0.0,0.0,50.0,0.00,0,0,0
2023-12-04,50.0,0.0,0.0,50.0,0.00,0,0,0
2023-12-01,50.0,0.0,0.0,50.0,0.00,0,0,0
2023-11-30,50.0,0.0,0.0,50.0,0.00,0,0,0
2023-11-29,50.0,0.0,0.0,50.0,0.00,0,0,0
2023-11-28,50.0,0.0,0.0,50.0,0.00,0,0,0
2023-11-27,50.0,0.0,0.0,50.0,0.00,0,0,0
2023-11-24,50.0,0.0,0.0,50.0,0.00,0,0,0
2023-11-23,50.0,0.0,0.0,50.0,0.00,0,0,0
2023-11-22,50.0,0.0,0.0,50.0,0.00,0,0,0
2023-11-21,50.0,0.0,0.0,50.0,0.00,0,0,0
2023-11-20,50.0,0.0,0.0,50.0,0.00,0,0,0
2023-11-17,50.0,0.0,0.0,50.0,0.00,0,0,0
2023-11-16,50.0,0.0,0.0,50.0,0.00,0,0,0
2023-11-15,50.0,0.0,0.0,50.0,0.00,0,0,0
2023-11-14,50.0,0.0,0.0,50.0,0.00,0,0,0
2023-11-13,50.0,0.0,0.0,50.0,0.00,0,0,0
2023-11-10,50.0,0.0,0.0,50.0,0.00,0,0,0
2023-11-09,50.0,0.0,0.0,50.0,0.00,0,0,0
2023-11-08,50.0,0.0,0.0,50.0,0.00,0,0,0
2023-11-07,50.0,0.0,0.0,50.0,0.00,0,0,0
2023-11-06,50.0,0.0,0.0,50.0,0.00,0,0,0
2023-11-03,50.0,0.0,0.0,50.0,0.00,0,0,0
2023-11-02,50.0,0.0,0.0,50.0,0.00,0,0,0
2023-11-01,50.0,0.0,0.0,50.0,0.00,0,0,0
2023-10-31,50.0,0.0,0.0,50.0,0.00,0,0,0
2023-10-30,50.0,0.0,0.0,50.0,0.00,0,0,0
2023-10-27,50.0,0.0,0.0,50.0,0.00,0,0,0
2023-10-26,50.0,0.0,0.0,50.0,0.00,0,0,0
2023-10-25,50.0,0.0,0.0,50.0,0.00,0,0,0
2023-10-24,50.0,0.0,0.0,50.0,0.00,0,0,0
2023-10-20,50.0,0.0,0.0,50.0,0.00,0,0,0
2023-10-19,50.0,0.0,0.0,50.0,0.00,0,0,0
2023-10-18,50.0,0.0,0.0,50.0,0.00,0,0,0
2023-10-17,50.0,50.0,50.0,50.0,0.00,"1,050","52,500","52,500"
2023-10-16,50.0,0.0,0.0,50.0,0.00,0,0,0
2023-10-13,50.0,0.0,0.0,50.0,0.00,0,0,0
2023-10-12,50.0,0.0,0.0,50.0,0.00,0,0,0
2023-10-10,50.0,0.0,0.0,50.0,0.00,0,0,0
2023-10-09,50.0,0.0,0.0,50.0,0.00,0,0,0
2023-10-06,50.0,0.0,0.0,50.0,0.00,0,0,0
2023-10-05,50.0,0.0,0.0,50.0,0.00,0,0,0
2023-10-04,50.0,0.0,0.0,50.0,0.00,0,0,0
2023-10-03,50.0,0.0,0.0,50.0,0.00,0,0,0
2023-10-02,50.0,0.0,0.0,50.0,0.00,0,0,0
2023-09-29,50.0,0.0,0.0,50.0,0.00,0,0,0
2023-09-28,50.0,0.0,0.0,50.0,0.00,0,0,0
2023-09-27,50.0,0.0,0.0,50.0,0.00,0,0,0
2023-09-26,50.0,0.0,0.0,50.0,0.00,0,0,0
2023-09-25,50.0,0.0,0.0,50.0,0.00,0,0,0
2023-09-22,50.0,0.0,0.0,50.0,0.00,0,0,0
2023-09-21,50.0,0.0,0.0,50.0,0.00,0,0,0
2023-09-20,50.0,0.0,0.0,50.0,0.00,0,0,0
2023-09-19,50.0,0.0,0.0,50.0,0.00,0,0,0
2023-09-18,50.0,0.0,0.0,50.0,0.00,0,0,0
2023-09-15,50.0,0.0,0.0,50.0,0.00,0,0,0
2023-09-14,50.0,0.0,0.0,50.0,0.00,0,0,0
2023-09-13,50.0,50.0,50.0,50.0,0.00,32,"1,600","1,600"
2023-09-12,50.0,0.0,0.0,50.0,0.00,0,0,0
2023-09-11,50.0,0.0,0.0,50.0,0.00,0,0,0
2023-09-07,50.0,0.0,0.0,50.0,0.00,0,0,0
2023-09-06,50.0,0.0,0.0,50.0,0.00,0,0,0
2023-09-05,50.0,0.0,0.0,50.0,0.00,0,0,0
2023-09-04,50.0,0.0,0.0,50.0,0.00,0,0,0
2023-09-01,50.0,0.0,0.0,50.0,0.00,0,0,0
2023-08-31,50.0,0.0,0.0,50.0,0.00,0,0,0
2023-08-30,50.0,0.0,0.0,50.0,0.00,0,0,0
2023-08-29,50.0,0.0,0.0,50.0,0.00,0,0,0
2023-08-25,50.0,0.0,0.0,50.0,0.00,0,0,0
2023-08-24,50.0,0.0,0.0,50.0,0.00,0,0,0
2023-08-23,50.0,0.0,0.0,50.0,0.00,0,0,0
2023-08-22,50.0,0.0,0.0,50.0,0.00,0,0,0
2023-08-21,50.0,0.0,0.0,50.0,0.00,0,0,0
2023-08-18,50.0,0.0,0.0,50.0,0.00,0,0,0
2023-08-17,50.0,0.0,0.0,50.0,0.00,0,0,0
2023-08-16,50.0,0.0,0.0,50.0,0.00,0,0,0
2023-08-15,50.0,0.0,0.0,50.0,0.00,0,0,0
2023-08-14,50.0,0.0,0.0,50.0,0.00,0,0,0
2023-08-11,50.0,0.0,0.0,50.0,0.00,0,0,0
2023-08-10,50.0,0.0,0.0,50.0,0.00,0,0,0
2023-08-09,50.0,0.0,0.0,50.0,0.00,0,0,0
2023-08-08,50.0,0.0,0.0,50.0,0.00,0,0,0
2023-08-07,50.0,50.0,50.0,50.0,0.00,842,"42,100","42,100"
2023-08-04,50.0,0.0,0.0,50.0,0.00,0,0,0
2023-08-03,50.0,0.0,0.0,50.0,0.00,0,0,0
2023-08-01,50.0,0.0,0.0,50.0,0.00,0,0,0
2023-07-31,50.0,0.0,0.0,50.0,0.00,0,0,0
2023-07-28,50.0,0.0,0.0,50.0,0.00,0,0,0
2023-07-27,50.0,0.0,0.0,50.0,0.00,0,0,0
2023-07-26,50.0,0.0,0.0,50.0,0.00,0,0,0
2023-07-25,50.0,0.0,0.0,50.0,0.00,0,0,0
2023-07-24,50.0,0.0,0.0,50.0,0.00,0,0,0
2023-07-21,50.0,0.0,0.0,50.0,0.00,0,0,0
2023-07-20,50.0,0.0,0.0,50.0,0.00,0,0,0
2023-07-19,50.0,0.0,0.0,50.0,0.00,0,0,0
2023-07-18,50.0,0.0,0.0,50.0,0.00,0,0,0
2023-07-17,50.0,0.0,0.0,50.0,0.00,0,0,0
2023-07-14,50.0,0.0,0.0,50.0,0.00,0,0,0
2023-07-13,50.0,0.0,0.0,50.0,0.00,0,0,0
2023-07-12,50.0,0.0,0.0,50.0,0.00,0,0,0
2023-07-11,50.0,0.0,0.0,50.0,0.00,0,0,0
2023-07-10,50.0,0.0,0.0,50.0,0.00,0,0,0
2023-07-07,50.0,0.0,0.0,50.0,0.00,0,0,0
2023-07-06,50.0,0.0,0.0,50.0,0.00,0,0,0
2023-07-05,50.0,0.0,0.0,50.0,0.00,0,0,0
2023-07-04,50.0,0.0,0.0,50.0,0.00,0,0,0
2023-07-03,50.0,0.0,0.0,50.0,0.00,0,0,0
2023-06-30,50.0,0.0,0.0,50.0,0.00,0,0,0
2023-06-29,50.0,0.0,0.0,50.0,0.00,0,0,0
2023-06-28,50.0,0.0,0.0,50.0,0.00,0,0,0
2023-06-27,50.0,0.0,0.0,50.0,0.00,0,0,0
2023-06-26,50.0,0.0,0.0,50.0,0.00,0,0,0
2023-06-23,50.0,0.0,0.0,50.0,0.00,0,0,0
2023-06-22,50.0,0.0,0.0,50.0,0.00,0,0,0
2023-06-21,50.0,0.0,0.0,50.0,0.00,0,0,0
2023-06-20,50.0,0.0,0.0,50.0,0.00,0,0,0
2023-06-19,50.0,0.0,0.0,50.0,0.00,0,0,0
2023-06-16,50.0,0.0,0.0,50.0,0.00,0,0,0
2023-06-15,50.0,0.0,0.0,50.0,0.00,0,0,0
2023-06-14,50.0,0.0,0.0,50.0,0.00,0,0,0
2023-06-13,50.0,0.0,0.0,50.0,0.00,0,0,0
2023-06-12,50.0,50.0,50.0,50.0,0.00,"1,263","63,150","63,150"
2023-06-09,50.0,0.0,0.0,50.0,0.00,0,0,0
2023-06-08,50.0,0.0,0.0,50.0,0.00,0,0,0
2023-06-07,50.0,0.0,0.0,50.0,0.00,0,0,0
2023-06-06,50.0,0.0,0.0,50.0,0.00,0,0,0
2023-06-05,50.0,50.0,50.0,50.0,0.00,"1,233","61,650","61,650"
2023-06-01,50.0,0.0,0.0,50.0,0.00,0,0,0
2023-05-31,50.0,0.0,0.0,50.0,0.00,0,0,0
2023-05-30,50.0,0.0,0.0,50.0,0.00,0,0,0
2023-05-29,50.0,0.0,0.0,50.0,0.00,0,0,0
2023-05-26,50.0,0.0,0.0,50.0,0.00,0,0,0
2023-05-25,50.0,0.0,0.0,50.0,0.00,0,0,0
2023-05-23,50.0,0.0,0.0,50.0,0.00,0,0,0
2023-05-22,50.0,0.0,0.0,50.0,0.00,0,0,0
2023-05-19,50.0,0.0,0.0,50.0,0.00,0,0,0
2023-05-18,50.0,0.0,0.0,50.0,0.00,0,0,0
2023-05-17,50.0,0.0,0.0,50.0,0.00,0,0,0
2023-05-16,50.0,0.0,0.0,50.0,0.00,0,0,0
2023-05-15,50.0,0.0,0.0,50.0,0.00,0,0,0
2023-05-12,50.0,0.0,0.0,50.0,0.00,0,0,0
2023-05-11,50.0,0.0,0.0,50.0,0.00,0,0,0
2023-05-10,50.0,0.0,0.0,50.0,0.00,0,0,0
2023-05-09,50.0,0.0,0.0,50.0,0.00,0,0,0
2023-05-08,50.0,0.0,0.0,50.0,0.00,0,0,0
2023-05-05,50.0,0.0,0.0,50.0,0.00,0,0,0
2023-05-04,50.0,0.0,0.0,50.0,0.00,0,0,0
2023-05-03,50.0,0.0,0.0,50.0,0.00,0,0,0
2023-05-02,50.0,0.0,0.0,50.0,0.00,0,0,0
2023-04-28,50.0,0.0,0.0,50.0,0.00,0,0,0
2023-04-27,50.0,0.0,0.0,50.0,0.00,0,0,0
2023-04-26,50.0,0.0,0.0,50.0,0.00,0,0,0
2023-04-25,50.0,0.0,0.0,50.0,0.00,0,0,0
2023-04-24,50.0,0.0,0.0,50.0,0.00,0,0,0
2023-04-20,50.0,0.0,0.0,50.0,0.00,0,0,0
2023-04-19,50.0,0.0,0.0,50.0,0.00,0,0,0
2023-04-18,50.0,0.0,0.0,50.0,0.00,0,0,0
2023-04-13,50.0,0.0,0.0,50.0,0.00,0,0,0
2023-04-12,50.0,0.0,0.0,50.0,0.00,0,0,0
2023-04-11,50.0,0.0,0.0,50.0,0.00,0,0,0
2023-04-10,50.0,0.0,0.0,50.0,0.00,0,0,0
2023-04-07,50.0,0.0,0.0,50.0,0.00,0,0,0
2023-04-06,50.0,0.0,0.0,50.0,0.00,0,0,0
2023-04-05,50.0,0.0,0.0,50.0,0.00,0,0,0
2023-04-04,50.0,0.0,0.0,50.0,0.00,0,0,0
2023-04-03,50.0,0.0,0.0,50.0,0.00,0,0,0
2023-03-31,50.0,0.0,0.0,50.0,0.00,0,0,0
2023-03-30,50.0,0.0,0.0,50.0,0.00,0,0,0
2023-03-29,50.0,0.0,0.0,50.0,0.00,0,0,0
2023-03-28,50.0,0.0,0.0,50.0,0.00,0,0,0
2023-03-27,50.0,0.0,0.0,50.0,0.00,0,0,0
2023-03-24,50.0,0.0,0.0,50.0,0.00,0,0,0
2023-03-23,50.0,0.0,0.0,50.0,0.00,0,0,0
2023-03-22,50.0,0.0,0.0,50.0,0.00,0,0,0
2023-03-21,50.0,0.0,0.0,50.0,0.00,0,0,0
2023-03-20,50.0,0.0,0.0,50.0,0.00,0,0,0
2023-03-17,50.0,0.0,0.0,50.0,0.00,0,0,0
2023-03-16,50.0,0.0,0.0,50.0,0.00,0,0,0
2023-03-15,50.0,0.0,0.0,50.0,0.00,0,0,0
2023-03-14,50.0,0.0,0.0,50.0,0.00,0,0,0
2023-03-13,50.0,0.0,0.0,50.0,0.00,0,0,0
2023-03-10,50.0,0.0,0.0,50.0,0.00,0,0,0
2023-03-09,50.0,0.0,0.0,50.0,0.00,0,0,0
2023-03-08,50.0,0.0,0.0,50.0,0.00,0,0,0
2023-03-07,50.0,0.0,0.0,50.0,0.00,0,0,0
2023-03-06,50.0,0.0,0.0,50.0,0.00,0,0,0
2023-03-03,50.0,0.0,0.0,50.0,0.00,0,0,0
2023-03-02,50.0,0.0,0.0,50.0,0.00,0,0,0
2023-03-01,50.0,0.0,0.0,50.0,0.00,0,0,0
2023-02-28,50.0,0.0,0.0,50.0,0.00,0,0,0
2023-02-27,50.0,0.0,0.0,50.0,0.00,0,0,0
2023-02-24,50.0,0.0,0.0,50.0,0.00,0,0,0
2023-02-23,50.0,0.0,0.0,50.0,0.00,0,0,0
2023-02-22,50.0,0.0,0.0,50.0,0.00,0,0,0
2023-02-21,50.0,0.0,0.0,50.0,0.00,0,0,0
2023-02-20,50.0,0.0,0.0,50.0,0.00,0,0,0
2023-02-17,50.0,0.0,0.0,50.0,0.00,0,0,0
2023-02-16,50.0,0.0,0.0,50.0,0.00,0,0,0
2023-02-15,50.0,0.0,0.0,50.0,0.00,0,0,0
2023-02-14,50.0,0.0,0.0,50.0,0.00,0,0,0
2023-02-13,50.0,0.0,0.0,50.0,0.00,0,0,0
2023-02-10,50.0,0.0,0.0,50.0,0.00,0,0,0
2023-02-09,50.0,0.0,0.0,50.0,0.00,0,0,0
2023-02-08,50.0,0.0,0.0,50.0,0.00,0,0,0
2023-02-07,50.0,0.0,0.0,50.0,0.00,0,0,0
2023-02-06,50.0,0.0,0.0,50.0,0.00,0,0,0
2023-02-03,50.0,0.0,0.0,50.0,0.00,0,0,0
2023-02-02,50.0,0.0,0.0,50.0,0.00,0,0,0
2023-02-01,50.0,0.0,0.0,50.0,0.00,0,0,0
2023-01-31,50.0,0.0,0.0,50.0,0.00,0,0,0
2023-01-30,50.0,0.0,0.0,50.0,0.00,0,0,0
2023-01-27,50.0,0.0,0.0,50.0,0.00,0,0,0
2023-01-26,50.0,0.0,0.0,50.0,0.00,0,0,0
2023-01-25,50.0,0.0,0.0,50.0,0.00,0,0,0
2023-01-24,50.0,0.0,0.0,50.0,0.00,0,0,0
2023-01-23,50.0,0.0,0.0,50.0,0.00,0,0,0
2023-01-20,50.0,0.0,0.0,50.0,0.00,0,0,0
2023-01-18,50.0,0.0,0.0,50.0,0.00,0,0,0
2023-01-17,50.0,0.0,0.0,50.0,0.00,0,0,0
2023-01-16,50.0,0.0,0.0,50.0,0.00,0,0,0
2023-01-13,50.0,0.0,0.0,50.0,0.00,0,0,0
2023-01-12,50.0,0.0,0.0,50.0,0.00,0,0,0
2023-01-11,50.0,0.0,0.0,50.0,0.00,0,0,0
2023-01-10,50.0,0.0,0.0,50.0,0.00,0,0,0
2023-01-09,50.0,0.0,0.0,50.0,0.00,0,0,0
2023-01-05,50.0,50.0,50.0,50.0,0.00,382,"19,100","19,100"
2023-01-04,50.0,0.0,0.0,50.0,0.00,0,0,0
2023-01-03,50.0,0.0,0.0,50.0,0.00,0,0,0
2022-12-29,50.0,0.0,0.0,50.0,0.00,0,0,0
2022-12-28,50.0,0.0,0.0,50.0,0.00,0,0,0
2022-12-27,50.0,0.0,0.0,50.0,0.00,0,0,0
2022-12-26,50.0,0.0,0.0,50.0,0.00,0,0,0
2022-12-23,50.0,50.0,50.0,50.0,0.00,"4,000","200,000","200,000"
2022-12-22,50.0,0.0,0.0,50.0,0.00,0,0,0
2022-12-21,50.0,0.0,0.0,50.0,0.00,0,0,0
2022-12-20,50.0,0.0,0.0,50.0,0.00,0,0,0
2022-12-19,50.0,0.0,0.0,50.0,0.00,0,0,0
2022-12-16,50.0,0.0,0.0,50.0,0.00,0,0,0
2022-12-15,50.0,0.0,0.0,50.0,0.00,0,0,0
2022-12-14,50.0,0.0,0.0,50.0,0.00,0,0,0
2022-12-13,50.0,0.0,0.0,50.0,0.00,0,0,0
2022-12-12,50.0,0.0,0.0,50.0,0.00,0,0,0
2022-12-09,50.0,0.0,0.0,50.0,0.00,0,0,0
2022-12-07,50.0,0.0,0.0,50.0,0.00,0,0,0
2022-12-06,50.0,50.0,50.0,50.0,0.00,"1,234","61,700","61,700"
2022-12-05,50.0,50.0,50.0,50.0,0.00,616,"30,800","30,800"
2022-12-02,50.0,0.0,0.0,50.0,0.00,0,0,0
2022-12-01,50.0,0.0,0.0,50.0,0.00,0,0,0
2022-11-30,50.0,0.0,0.0,50.0,0.00,0,0,0
2022-11-29,50.0,0.0,0.0,50.0,0.00,0,0,0
2022-11-28,50.0,0.0,0.0,50.0,0.00,0,0,0
2022-11-25,50.0,0.0,0.0,50.0,0.00,0,0,0
2022-11-24,50.0,0.0,0.0,50.0,0.00,0,0,0
2022-11-23,50.0,0.0,0.0,50.0,0.00,0,0,0
2022-11-22,50.0,0.0,0.0,50.0,0.00,0,0,0
2022-11-21,50.0,0.0,0.0,50.0,0.00,0,0,0
2022-11-18,50.0,0.0,0.0,50.0,0.00,0,0,0
2022-11-17,50.0,50.0,50.0,50.0,0.00,"1,234","61,700","61,700"
2022-11-16,50.0,0.0,0.0,50.0,0.00,0,0,0
2022-11-15,50.0,50.0,50.0,50.0,0.00,"3,069","153,450","153,450"
2022-11-14,50.0,0.0,0.0,50.0,0.00,0,0,0
2022-11-11,50.0,0.0,0.0,50.0,0.00,0,0,0
2022-11-10,50.0,0.0,0.0,50.0,0.00,0,0,0
2022-11-09,50.0,0.0,0.0,50.0,0.00,0,0,0
2022-11-08,50.0,0.0,0.0,50.0,0.00,0,0,0
2022-11-07,50.0,0.0,0.0,50.0,0.00,0,0,0
2022-11-04,50.0,0.0,0.0,50.0,0.00,0,0,0
2022-11-03,50.0,0.0,0.0,50.0,0.00,0,0,0
2022-11-02,50.0,0.0,0.0,50.0,0.00,0,0,0
2022-11-01,50.0,50.0,50.0,50.0,0.00,612,"30,600","30,600"
2022-10-31,50.0,0.0,0.0,50.0,0.00,0,0,0
2022-10-28,50.0,0.0,0.0,50.0,0.00,0,0,0
2022-10-27,50.0,0.0,0.0,50.0,0.00,0,0,0
2022-10-26,50.0,0.0,0.0,50.0,0.00,0,0,0
2022-10-25,50.0,0.0,0.0,50.0,0.00,0,0,0
2022-10-21,50.0,0.0,0.0,50.0,0.00,0,0,0
2022-10-20,50.0,0.0,0.0,50.0,0.00,0,0,0
2022-10-19,50.0,0.0,0.0,50.0,0.00,0,0,0
2022-10-18,50.0,0.0,0.0,50.0,0.00,0,0,0
2022-10-17,50.0,0.0,0.0,50.0,0.00,0,0,0
2022-10-14,50.0,50.0,50.0,50.0,0.00,20,"1,000","1,000"
2022-10-13,50.0,0.0,0.0,50.0,0.00,0,0,0
2022-10-12,50.0,0.0,0.0,50.0,0.00,0,0,0
2022-10-10,50.0,50.0,50.0,50.0,0.00,53,"2,650","2,650"
2022-10-07,50.0,0.0,0.0,50.0,0.00,0,0,0
2022-10-06,50.0,0.0,0.0,50.0,0.00,0,0,0
2022-10-05,50.0,0.0,0.0,50.0,0.00,0,0,0
2022-10-04,50.0,0.0,0.0,50.0,0.00,0,0,0
2022-10-03,50.0,0.0,0.0,50.0,0.00,0,0,0
2022-09-30,50.0,0.0,0.0,50.0,0.00,0,0,0
2022-09-29,50.0,0.0,0.0,50.0,0.00,0,0,0
2022-09-28,50.0,0.0,0.0,50.0,0.00,0,0,0
2022-09-27,50.0,0.0,0.0,50.0,0.00,0,0,0
2022-09-26,50.0,0.0,0.0,50.0,0.00,0,0,0
2022-09-23,50.0,0.0,0.0,50.0,0.00,0,0,0
2022-09-22,50.0,0.0,0.0,50.0,0.00,0,0,0
2022-09-21,50.0,0.0,0.0,50.0,0.00,0,0,0
2022-09-20,50.0,0.0,0.0,50.0,0.00,0,0,0
2022-09-19,50.0,0.0,0.0,50.0,0.00,0,0,0
2022-09-16,50.0,0.0,0.0,50.0,0.00,0,0,0
2022-09-15,50.0,0.0,0.0,50.0,0.00,0,0,0
2022-09-14,50.0,0.0,0.0,50.0,0.00,0,0,0
2022-09-13,50.0,0.0,0.0,50.0,0.00,0,0,0
2022-09-12,50.0,50.0,50.0,50.0,0.00,"3,495","174,750","174,750"
2022-09-09,50.0,0.0,0.0,50.0,0.00,0,0,0
2022-09-07,50.0,0.0,0.0,50.0,0.00,0,0,0
2022-09-06,50.0,0.0,0.0,50.0,0.00,0,0,0
2022-09-05,50.0,0.0,0.0,50.0,0.00,0,0,0
2022-09-02,50.0,0.0,0.0,50.0,0.00,0,0,0
2022-09-01,50.0,0.0,0.0,50.0,0.00,0,0,0
2022-08-31,50.0,0.0,0.0,50.0,0.00,0,0,0
2022-08-30,50.0,0.0,0.0,50.0,0.00,0,0,0
2022-08-29,50.0,0.0,0.0,50.0,0.00,0,0,0
2022-08-26,50.0,0.0,0.0,50.0,0.00,0,0,0
2022-08-25,50.0,0.0,0.0,50.0,0.00,0,0,0
2022-08-24,50.0,0.0,0.0,50.0,0.00,0,0,0
2022-08-23,50.0,0.0,0.0,50.0,0.00,0,0,0
2022-08-22,50.0,0.0,0.0,50.0,0.00,0,0,0
2022-08-19,50.0,0.0,0.0,50.0,0.00,0,0,0
2022-08-18,50.0,0.0,0.0,50.0,0.00,0,0,0
2022-08-17,50.0,50.0,50.0,50.0,0.00,"3,675","183,750","183,750"
2022-08-16,50.0,0.0,0.0,50.0,0.00,0,0,0
2022-08-15,50.0,0.0,0.0,50.0,0.00,0,0,0
2022-08-12,50.0,0.0,0.0,50.0,0.00,0,0,0
2022-08-11,50.0,0.0,0.0,50.0,0.00,0,0,0
2022-08-10,50.0,0.0,0.0,50.0,0.00,0,0,0
2022-08-09,50.0,50.0,50.0,50.0,0.00,"3,702","185,100","185,100"
2022-08-08,50.0,0.0,0.0,50.0,0.00,0,0,0
2022-08-05,50.0,0.0,0.0,50.0,0.00,0,0,0
2022-08-04,50.0,50.0,50.0,50.0,0.00,"12,681","634,050","634,050"
2022-08-03,50.0,50.0,50.0,50.0,0.00,375,"18,750","18,750"
2022-08-01,50.0,0.0,0.0,50.0,0.00,0,0,0
2022-07-29,50.0,0.0,0.0,50.0,0.00,0,0,0
2022-07-28,50.0,0.0,0.0,50.0,0.00,0,0,0
2022-07-27,50.0,0.0,0.0,50.0,0.00,0,0,0
2022-07-26,50.0,50.0,50.0,50.0,0.00,"3,676","183,800","183,800"
2022-07-25,50.0,50.0,50.0,50.0,0.00,"1,245","62,250","62,250"
2022-07-22,50.0,50.0,50.0,50.0,0.00,"3,214","160,700","160,700"
2022-07-21,50.0,0.0,0.0,50.0,0.00,0,0,0
2022-07-20,50.0,0.0,0.0,50.0,0.00,0,0,0
2022-07-19,50.0,0.0,0.0,50.0,0.00,0,0,0
2022-07-18,50.0,0.0,0.0,50.0,0.00,0,0,0
2022-07-15,50.0,50.0,50.0,50.0,0.00,"2,467","123,350","123,350"
2022-07-14,50.0,0.0,0.0,50.0,0.00,0,0,0
2022-07-13,50.0,50.0,50.0,50.0,0.00,"4,210","210,500","210,500"
2022-07-12,50.0,50.0,50.0,50.0,0.00,"5,054","252,700","252,700"
2022-07-11,50.0,0.0,0.0,50.0,0.00,0,0,0
2022-07-08,50.0,50.0,50.0,50.0,0.00,"2,474","123,700","123,700"
2022-07-07,50.0,50.0,50.0,50.0,0.00,"4,938","246,900","246,900"
2022-07-06,50.0,50.0,50.0,50.0,0.00,"7,175","358,750","358,750"
2022-07-05,50.0,50.0,50.0,50.0,0.00,"4,603","230,150","230,150"
2022-07-04,50.0,50.0,50.0,50.0,0.00,"3,732","186,600","186,600"
2022-07-01,50.0,0.0,0.0,50.0,0.00,0,0,0
2022-06-30,50.0,0.0,0.0,50.0,0.00,0,0,0
2022-06-29,50.0,50.0,50.0,50.0,0.00,"7,719","385,950","385,950"
2022-06-28,50.0,0.0,0.0,50.0,0.00,0,0,0
2022-06-27,50.0,0.0,0.0,50.0,0.00,0,0,0
2022-06-24,50.0,0.0,0.0,50.0,0.00,0,0,0
2022-06-23,50.0,0.0,0.0,50.0,0.00,0,0,0
2022-06-22,50.0,0.0,0.0,50.0,0.00,0,0,0
2022-06-21,50.0,0.0,0.0,50.0,0.00,0,0,0
2022-06-20,50.0,0.0,0.0,50.0,0.00,0,0,0
2022-06-17,50.0,0.0,0.0,50.0,0.00,0,0,0
2022-06-16,50.0,0.0,0.0,50.0,0.00,0,0,0
2022-06-15,50.0,50.0,50.0,50.0,0.00,"6,430","321,500","321,500"
2022-06-14,50.0,0.0,0.0,50.0,0.00,0,0,0
2022-06-13,50.0,0.0,0.0,50.0,0.00,0,0,0
2022-06-09,50.0,0.0,0.0,50.0,0.00,0,0,0
2022-06-08,50.0,0.0,0.0,50.0,0.00,0,0,0
2022-06-07,50.0,0.0,0.0,50.0,0.00,0,0,0
2022-06-06,50.0,0.0,0.0,50.0,0.00,0,0,0
2022-06-03,50.0,0.0,0.0,50.0,0.00,0,0,0
2022-06-02,50.0,0.0,0.0,50.0,0.00,0,0,0
2022-06-01,50.0,0.0,0.0,50.0,0.00,0,0,0
2022-05-31,50.0,0.0,0.0,50.0,0.00,0,0,0
2022-05-30,50.0,0.0,0.0,50.0,0.00,0,0,0
2022-05-27,50.0,0.0,0.0,50.0,0.00,0,0,0
2022-05-26,50.0,0.0,0.0,50.0,0.00,0,0,0
2022-05-25,50.0,0.0,0.0,50.0,0.00,0,0,0
2022-05-23,50.0,0.0,0.0,50.0,0.00,0,0,0
2022-05-20,50.0,0.0,0.0,50.0,0.00,0,0,0
2022-05-19,50.0,0.0,0.0,50.0,0.00,0,0,0
2022-05-18,50.0,0.0,0.0,50.0,0.00,0,0,0
2022-05-17,50.0,0.0,0.0,50.0,0.00,0,0,0
2022-05-16,50.0,0.0,0.0,50.0,0.00,0,0,0
2022-05-13,50.0,0.0,0.0,50.0,0.00,0,0,0
2022-05-12,50.0,0.0,0.0,50.0,0.00,0,0,0
2022-05-11,50.0,0.0,0.0,50.0,0.00,0,0,0
2022-05-10,50.0,0.0,0.0,50.0,0.00,0,0,0
2022-05-09,50.0,0.0,0.0,50.0,0.00,0,0,0
2022-05-06,50.0,0.0,0.0,50.0,0.00,0,0,0
2022-05-05,50.0,0.0,0.0,50.0,0.00,0,0,0
2022-05-04,50.0,0.0,0.0,50.0,0.00,0,0,0
2022-05-03,50.0,0.0,0.0,50.0,0.00,0,0,0
2022-04-29,50.0,0.0,0.0,50.0,0.00,0,0,0
2022-04-28,50.0,0.0,0.0,50.0,0.00,0,0,0
2022-04-27,50.0,0.0,0.0,50.0,0.00,0,0,0
2022-04-26,50.0,0.0,0.0,50.0,0.00,0,0,0
2022-04-21,50.0,0.0,0.0,50.0,0.00,0,0,0
2022-04-20,50.0,0.0,0.0,50.0,0.00,0,0,0
2022-04-19,50.0,0.0,0.0,50.0,0.00,0,0,0
2022-04-18,50.0,0.0,0.0,50.0,0.00,0,0,0
2022-04-15,50.0,0.0,0.0,50.0,0.00,0,0,0
2022-04-14,50.0,0.0,0.0,50.0,0.00,0,0,0
2022-04-13,50.0,0.0,0.0,50.0,0.00,0,0,0
2022-04-12,50.0,0.0,0.0,50.0,0.00,0,0,0
2022-04-11,50.0,0.0,0.0,50.0,0.00,0,0,0
2022-04-08,50.0,0.0,0.0,50.0,0.00,0,0,0
2022-04-07,50.0,0.0,0.0,50.0,0.00,0,0,0
2022-04-06,50.0,0.0,0.0,50.0,0.00,0,0,0
2022-04-05,50.0,0.0,0.0,50.0,0.00,0,0,0
2022-04-04,50.0,0.0,0.0,50.0,0.00,0,0,0
2022-04-01,50.0,0.0,0.0,50.0,0.00,0,0,0
2022-03-31,50.0,0.0,0.0,50.0,0.00,0,0,0
2022-03-30,50.0,0.0,0.0,50.0,0.00,0,0,0
2022-03-29,50.0,0.0,0.0,50.0,0.00,0,0,0
2022-03-28,50.0,0.0,0.0,50.0,0.00,0,0,0
2022-03-25,50.0,0.0,0.0,50.0,0.00,0,0,0
2022-03-24,50.0,0.0,0.0,50.0,0.00,0,0,0
2022-03-23,50.0,0.0,0.0,50.0,0.00,0,0,0
2022-03-22,50.0,0.0,0.0,50.0,0.00,0,0,0
2022-03-21,50.0,0.0,0.0,50.0,0.00,0,0,0
2022-03-18,50.0,0.0,0.0,50.0,0.00,0,0,0
2022-03-17,50.0,0.0,0.0,50.0,0.00,0,0,0
2022-03-16,50.0,0.0,0.0,50.0,0.00,0,0,0
2022-03-15,50.0,0.0,0.0,50.0,0.00,0,0,0
2022-03-14,50.0,0.0,0.0,50.0,0.00,0,0,0
2022-03-11,50.0,0.0,0.0,50.0,0.00,0,0,0
2022-03-10,50.0,0.0,0.0,50.0,0.00,0,0,0
2022-03-09,50.0,0.0,0.0,50.0,0.00,0,0,0
2022-03-08,50.0,0.0,0.0,50.0,0.00,0,0,0
2022-03-07,50.0,0.0,0.0,50.0,0.00,0,0,0
2022-03-04,50.0,0.0,0.0,50.0,0.00,0,0,0
2022-03-03,50.0,0.0,0.0,50.0,0.00,0,0,0
2022-03-02,50.0,0.0,0.0,50.0,0.00,0,0,0
2022-03-01,50.0,0.0,0.0,50.0,0.00,0,0,0
2022-02-28,50.0,0.0,0.0,50.0,0.00,0,0,0
2022-02-25,50.0,0.0,0.0,50.0,0.00,0,0,0
2022-02-24,50.0,0.0,0.0,50.0,0.00,0,0,0
2022-02-23,50.0,0.0,0.0,50.0,0.00,0,0,0
2022-02-22,50.0,0.0,0.0,50.0,0.00,0,0,0
2022-02-21,50.0,0.0,0.0,50.0,0.00,0,0,0
2022-02-18,50.0,0.0,0.0,50.0,0.00,0,0,0
2022-02-17,50.0,0.0,0.0,50.0,0.00,0,0,0
2022-02-16,50.0,0.0,0.0,50.0,0.00,0,0,0
2022-02-15,50.0,0.0,0.0,50.0,0.00,0,0,0
2022-02-14,50.0,0.0,0.0,50.0,0.00,0,0,0
2022-02-11,50.0,0.0,0.0,50.0,0.00,0,0,0
2022-02-10,50.0,0.0,0.0,50.0,0.00,0,0,0
2022-02-09,50.0,0.0,0.0,50.0,0.00,0,0,0
2022-02-08,50.0,0.0,0.0,50.0,0.00,0,0,0
2022-02-07,50.0,0.0,0.0,50.0,0.00,0,0,0
2022-02-04,50.0,0.0,0.0,50.0,0.00,0,0,0
2022-02-03,50.0,0.0,0.0,50.0,0.00,0,0,0
2022-02-02,50.0,0.0,0.0,50.0,0.00,0,0,0
2022-02-01,50.0,0.0,0.0,50.0,0.00,0,0,0
2022-01-31,50.0,0.0,0.0,50.0,0.00,0,0,0
2022-01-28,50.0,0.0,0.0,50.0,0.00,0,0,0
2022-01-27,50.0,0.0,0.0,50.0,0.00,0,0,0
2022-01-26,50.0,0.0,0.0,50.0,0.00,0,0,0
2022-01-25,50.0,0.0,0.0,50.0,0.00,0,0,0
2022-01-24,50.0,0.0,0.0,50.0,0.00,0,0,0
2022-01-21,50.0,0.0,0.0,50.0,0.00,0,0,0
2022-01-20,50.0,0.0,0.0,50.0,0.00,0,0,0
2022-01-18,50.0,0.0,0.0,50.0,0.00,0,0,0
2022-01-17,50.0,0.0,0.0,50.0,0.00,0,0,0
2022-01-14,50.0,0.0,0.0,50.0,0.00,0,0,0
2022-01-13,50.0,0.0,0.0,50.0,0.00,0,0,0
2022-01-12,50.0,0.0,0.0,50.0,0.00,0,0,0
2022-01-11,50.0,0.0,0.0,50.0,0.00,0,0,0
2022-01-10,50.0,0.0,0.0,50.0,0.00,0,0,0
2022-01-05,50.0,0.0,0.0,50.0,0.00,0,0,0
2022-01-04,50.0,0.0,0.0,50.0,0.00,0,0,0
2022-01-03,50.0,0.0,0.0,50.0,0.00,0,0,0
2021-12-30,50.0,0.0,0.0,50.0,0.00,0,0,0
2021-12-29,50.0,0.0,0.0,50.0,0.00,0,0,0
2021-12-28,50.0,0.0,0.0,50.0,0.00,0,0,0
2021-12-27,50.0,0.0,0.0,50.0,0.00,0,0,0
2021-12-24,50.0,0.0,0.0,50.0,0.00,0,0,0
2021-12-23,50.0,0.0,0.0,50.0,0.00,0,0,0
2021-12-22,50.0,0.0,0.0,50.0,0.00,0,0,0
2021-12-21,50.0,0.0,0.0,50.0,0.00,0,0,0
2021-12-20,50.0,0.0,0.0,50.0,0.00,0,0,0
2021-12-17,50.0,0.0,0.0,50.0,0.00,0,0,0
2021-12-16,50.0,0.0,0.0,50.0,0.00,0,0,0
2021-12-15,50.0,0.0,0.0,50.0,0.00,0,0,0
2021-12-14,50.0,0.0,0.0,50.0,0.00,0,0,0
2021-12-13,50.0,0.0,0.0,50.0,0.00,0,0,0
2021-12-10,50.0,0.0,0.0,50.0,0.00,0,0,0
2021-12-09,50.0,0.0,0.0,50.0,0.00,0,0,0
2021-12-07,50.0,0.0,0.0,50.0,0.00,0,0,0
2021-12-06,50.0,0.0,0.0,50.0,0.00,0,0,0
2021-12-03,50.0,0.0,0.0,50.0,0.00,0,0,0
2021-12-02,50.0,0.0,0.0,50.0,0.00,0,0,0
2021-12-01,50.0,0.0,0.0,50.0,0.00,0,0,0
2021-11-30,50.0,0.0,0.0,50.0,0.00,0,0,0
2021-11-29,50.0,0.0,0.0,50.0,0.00,0,0,0
2021-11-26,50.0,0.0,0.0,50.0,0.00,0,0,0
2021-11-25,50.0,0.0,0.0,50.0,0.00,0,0,0
2021-11-24,50.0,0.0,0.0,50.0,0.00,0,0,0
2021-11-23,50.0,0.0,0.0,50.0,0.00,0,0,0
2021-11-22,50.0,0.0,0.0,50.0,0.00,0,0,0
2021-11-19,50.0,0.0,0.0,50.0,0.00,0,0,0
2021-11-18,50.0,0.0,0.0,50.0,0.00,0,0,0
2021-11-17,50.0,0.0,0.0,50.0,0.00,0,0,0
2021-11-16,50.0,0.0,0.0,50.0,0.00,0,0,0
2021-11-15,50.0,0.0,0.0,50.0,0.00,0,0,0
2021-11-12,50.0,0.0,0.0,50.0,0.00,0,0,0
2021-11-11,50.0,0.0,0.0,50.0,0.00,0,0,0
2021-11-10,50.0,0.0,0.0,50.0,0.00,0,0,0
2021-11-09,50.0,0.0,0.0,50.0,0.00,0,0,0
2021-11-08,50.0,0.0,0.0,50.0,0.00,0,0,0
2021-11-05,50.0,0.0,0.0,50.0,0.00,0,0,0
2021-11-04,50.0,0.0,0.0,50.0,0.00,0,0,0
2021-11-03,50.0,0.0,0.0,50.0,0.00,0,0,0
2021-11-02,50.0,0.0,0.0,50.0,0.00,0,0,0
2021-11-01,50.0,0.0,0.0,50.0,0.00,0,0,0
2021-10-29,50.0,0.0,0.0,50.0,0.00,0,0,0
2021-10-28,50.0,0.0,0.0,50.0,0.00,0,0,0
2021-10-27,50.0,0.0,0.0,50.0,0.00,0,0,0
2021-10-26,50.0,0.0,0.0,50.0,0.00,0,0,0
2021-10-25,50.0,0.0,0.0,50.0,0.00,0,0,0
2021-10-22,50.0,50.0,50.0,50.0,0.00,"1,038","51,900","51,900"
2021-10-21,50.0,0.0,0.0,50.0,0.00,0,0,0
2021-10-20,50.0,0.0,0.0,50.0,0.00,0,0,0
2021-10-19,50.0,0.0,0.0,50.0,0.00,0,0,0
2021-10-18,50.0,0.0,0.0,50.0,0.00,0,0,0
2021-10-15,50.0,0.0,0.0,50.0,0.00,0,0,0
2021-10-14,50.0,0.0,0.0,50.0,0.00,0,0,0
2021-10-13,50.0,0.0,0.0,50.0,0.00,0,0,0
2021-10-12,50.0,0.0,0.0,50.0,0.00,0,0,0
2021-10-08,50.0,0.0,0.0,50.0,0.00,0,0,0
2021-10-07,50.0,0.0,0.0,50.0,0.00,0,0,0
2021-10-06,50.0,0.0,0.0,50.0,0.00,0,0,0
2021-10-05,50.0,0.0,0.0,50.0,0.00,0,0,0
2021-10-04,50.0,0.0,0.0,50.0,0.00,0,0,0
2021-10-01,50.0,0.0,0.0,50.0,0.00,0,0,0
2021-09-30,50.0,0.0,0.0,50.0,0.00,0,0,0
2021-09-29,50.0,0.0,0.0,50.0,0.00,0,0,0
2021-09-28,50.0,0.0,0.0,50.0,0.00,0,0,0
2021-09-27,50.0,0.0,0.0,50.0,0.00,0,0,0
2021-09-24,50.0,0.0,0.0,50.0,0.00,0,0,0
2021-09-23,50.0,0.0,0.0,50.0,0.00,0,0,0
2021-09-22,50.0,0.0,0.0,50.0,0.00,0,0,0
2021-09-21,50.0,0.0,0.0,50.0,0.00,0,0,0
2021-09-20,50.0,0.0,0.0,50.0,0.00,0,0,0
2021-09-17,50.0,0.0,0.0,50.0,0.00,0,0,0
2021-09-16,50.0,0.0,0.0,50.0,0.00,0,0,0
2021-09-15,50.0,0.0,0.0,50.0,0.00,0,0,0
2021-09-14,50.0,0.0,0.0,50.0,0.00,0,0,0
2021-09-13,50.0,0.0,0.0,50.0,0.00,0,0,0
2021-09-10,50.0,0.0,0.0,50.0,0.00,0,0,0
2021-09-09,50.0,0.0,0.0,50.0,0.00,0,0,0
2021-09-07,50.0,0.0,0.0,50.0,0.00,0,0,0
2021-09-06,50.0,0.0,0.0,50.0,0.00,0,0,0
2021-09-03,50.0,0.0,0.0,50.0,0.00,0,0,0
2021-09-02,50.0,0.0,0.0,50.0,0.00,0,0,0
2021-09-01,50.0,0.0,0.0,50.0,0.00,0,0,0
2021-08-31,50.0,0.0,0.0,50.0,0.00,0,0,0
2021-08-30,50.0,0.0,0.0,50.0,0.00,0,0,0
2021-08-27,50.0,0.0,0.0,50.0,0.00,0,0,0
2021-08-26,50.0,0.0,0.0,50.0,0.00,0,0,0
2021-08-25,50.0,0.0,0.0,50.0,0.00,0,0,0
2021-08-24,50.0,0.0,0.0,50.0,0.00,0,0,0
2021-08-23,50.0,0.0,0.0,50.0,0.00,0,0,0
2021-08-20,50.0,0.0,0.0,50.0,0.00,0,0,0
2021-08-19,50.0,0.0,0.0,50.0,0.00,0,0,0
2021-08-18,50.0,0.0,0.0,50.0,0.00,0,0,0
2021-08-17,50.0,0.0,0.0,50.0,0.00,0,0,0
2021-08-16,50.0,0.0,0.0,50.0,0.00,0,0,0
2021-08-13,50.0,0.0,0.0,50.0,0.00,0,0,0
2021-08-12,50.0,0.0,0.0,50.0,0.00,0,0,0
2021-08-11,50.0,0.0,0.0,50.0,0.00,0,0,0
2021-08-10,50.0,0.0,0.0,50.0,0.00,0,0,0
2021-08-09,50.0,0.0,0.0,50.0,0.00,0,0,0
2021-08-06,50.0,0.0,0.0,50.0,0.00,0,0,0
2021-08-05,50.0,0.0,0.0,50.0,0.00,0,0,0
2021-08-04,50.0,0.0,0.0,50.0,0.00,0,0,0
2021-08-03,50.0,0.0,0.0,50.0,0.00,0,0,0
2021-07-30,50.0,0.0,0.0,50.0,0.00,0,0,0
2021-07-29,50.0,0.0,0.0,50.0,0.00,0,0,0
2021-07-28,50.0,0.0,0.0,50.0,0.00,0,0,0
2021-07-27,50.0,0.0,0.0,50.0,0.00,0,0,0
2021-07-26,50.0,0.0,0.0,50.0,0.00,0,0,0
2021-07-23,50.0,0.0,0.0,50.0,0.00,0,0,0
2021-07-22,50.0,0.0,0.0,50.0,0.00,0,0,0
2021-07-21,50.0,0.0,0.0,50.0,0.00,0,0,0
2021-07-20,50.0,0.0,0.0,50.0,0.00,0,0,0
2021-07-19,50.0,0.0,0.0,50.0,0.00,0,0,0
2021-07-16,50.0,0.0,0.0,50.0,0.00,0,0,0
2021-07-15,50.0,0.0,0.0,50.0,0.00,0,0,0
2021-07-14,50.0,0.0,0.0,50.0,0.00,0,0,0
2021-07-13,50.0,0.0,0.0,50.0,0.00,0,0,0
2021-07-12,50.0,0.0,0.0,50.0,0.00,0,0,0
2021-07-09,50.0,0.0,0.0,50.0,0.00,0,0,0
2021-07-08,50.0,0.0,0.0,50.0,0.00,0,0,0
2021-07-07,50.0,0.0,0.0,50.0,0.00,0,0,0
2021-07-06,50.0,0.0,0.0,50.0,0.00,0,0,0
2021-07-05,50.0,0.0,0.0,50.0,0.00,0,0,0
2021-07-02,50.0,0.0,0.0,50.0,0.00,0,0,0
2021-07-01,50.0,0.0,0.0,50.0,0.00,0,0,0
2021-06-30,50.0,0.0,0.0,50.0,0.00,0,0,0
2021-06-29,50.0,0.0,0.0,50.0,0.00,0,0,0
2021-06-28,50.0,0.0,0.0,50.0,0.00,0,0,0
2021-06-25,50.0,0.0,0.0,50.0,0.00,0,0,0
2021-06-24,50.0,0.0,0.0,50.0,0.00,0,0,0
2021-06-23,50.0,0.0,0.0,50.0,0.00,0,0,0
2021-06-22,50.0,0.0,0.0,50.0,0.00,0,0,0
2021-06-21,50.0,0.0,0.0,50.0,0.00,0,0,0
2021-06-17,50.0,0.0,0.0,50.0,0.00,0,0,0
2021-06-16,50.0,0.0,0.0,50.0,0.00,0,0,0
2021-06-15,50.0,0.0,0.0,50.0,0.00,0,0,0
2021-06-14,50.0,0.0,0.0,50.0,0.00,0,0,0
2021-06-11,50.0,0.0,0.0,50.0,0.00,0,0,0
2021-06-10,50.0,0.0,0.0,50.0,0.00,0,0,0
2021-06-09,50.0,0.0,0.0,50.0,0.00,0,0,0
2021-06-08,50.0,0.0,0.0,50.0,0.00,0,0,0
2021-06-07,50.0,0.0,0.0,50.0,0.00,0,0,0
2021-06-04,50.0,0.0,0.0,50.0,0.00,0,0,0
2021-06-03,50.0,0.0,0.0,50.0,0.00,0,0,0
2021-06-02,50.0,0.0,0.0,50.0,0.00,0,0,0
2021-06-01,50.0,0.0,0.0,50.0,0.00,0,0,0
2021-05-31,50.0,0.0,0.0,50.0,0.00,0,0,0
2021-05-28,50.0,0.0,0.0,50.0,0.00,0,0,0
2021-05-27,50.0,0.0,0.0,50.0,0.00,0,0,0
2021-05-26,50.0,0.0,0.0,50.0,0.00,0,0,0
2021-05-25,50.0,0.0,0.0,50.0,0.00,0,0,0
2021-05-21,50.0,0.0,0.0,50.0,0.00,0,0,0
2021-05-20,50.0,0.0,0.0,50.0,0.00,0,0,0
2021-05-19,50.0,0.0,0.0,50.0,0.00,0,0,0
2021-05-18,50.0,0.0,0.0,50.0,0.00,0,0,0
2021-05-17,50.0,0.0,0.0,50.0,0.00,0,0,0
2021-05-14,50.0,0.0,0.0,50.0,0.00,0,0,0
2021-05-12,50.0,0.0,0.0,50.0,0.00,0,0,0
2021-05-11,50.0,0.0,0.0,50.0,0.00,0,0,0
2021-05-10,50.0,0.0,0.0,50.0,0.00,0,0,0
2021-05-07,50.0,0.0,0.0,50.0,0.00,0,0,0
2021-05-06,50.0,0.0,0.0,50.0,0.00,0,0,0
2021-05-05,50.0,0.0,0.0,50.0,0.00,0,0,0
2021-05-04,50.0,0.0,0.0,50.0,0.00,0,0,0
2021-04-29,50.0,0.0,0.0,50.0,0.00,0,0,0
2021-04-28,50.0,0.0,0.0,50.0,0.00,0,0,0
2021-04-27,50.0,0.0,0.0,50.0,0.00,0,0,0
2021-04-26,50.0,0.0,0.0,50.0,0.00,0,0,0
2021-04-23,50.0,0.0,0.0,50.0,0.00,0,0,0
2021-04-22,50.0,0.0,0.0,50.0,0.00,0,0,0
2021-04-21,50.0,0.0,0.0,50.0,0.00,0,0,0
2021-04-20,50.0,0.0,0.0,50.0,0.00,0,0,0
2021-04-19,50.0,0.0,0.0,50.0,0.00,0,0,0
2021-04-16,50.0,0.0,0.0,50.0,0.00,0,0,0
2021-04-15,50.0,0.0,0.0,50.0,0.00,0,0,0
2021-04-14,50.0,0.0,0.0,50.0,0.00,0,0,0
2021-04-13,50.0,0.0,0.0,50.0,0.00,0,0,0
2021-04-12,50.0,0.0,0.0,50.0,0.00,0,0,0
2021-04-09,50.0,0.0,0.0,50.0,0.00,0,0,0
2021-04-08,50.0,0.0,0.0,50.0,0.00,0,0,0
2021-04-07,50.0,0.0,0.0,50.0,0.00,0,0,0
2021-04-06,50.0,0.0,0.0,50.0,0.00,0,0,0
2021-04-05,50.0,0.0,0.0,50.0,0.00,0,0,0
2021-04-02,50.0,0.0,0.0,50.0,0.00,0,0,0
2021-04-01,50.0,0.0,0.0,50.0,0.00,0,0,0
2021-03-31,50.0,0.0,0.0,50.0,0.00,0,0,0
2021-03-30,50.0,0.0,0.0,50.0,0.00,0,0,0
2021-03-29,50.0,0.0,0.0,50.0,0.00,0,0,0
2021-03-26,50.0,0.0,0.0,50.0,0.00,0,0,0
2021-03-25,50.0,0.0,0.0,50.0,0.00,0,0,0
2021-03-24,50.0,0.0,0.0,50.0,0.00,0,0,0
2021-03-23,50.0,0.0,0.0,50.0,0.00,0,0,0
2021-03-22,50.0,0.0,0.0,50.0,0.00,0,0,0
2021-03-19,50.0,0.0,0.0,50.0,0.00,0,0,0
2021-03-18,50.0,0.0,0.0,50.0,0.00,0,0,0
2021-03-17,50.0,0.0,0.0,50.0,0.00,0,0,0
2021-03-16,50.0,0.0,0.0,50.0,0.00,0,0,0
2021-03-15,50.0,0.0,0.0,50.0,0.00,0,0,0
2021-03-12,50.0,0.0,0.0,50.0,0.00,0,0,0
2021-03-11,50.0,0.0,0.0,50.0,0.00,0,0,0
2021-03-10,50.0,0.0,0.0,50.0,0.00,0,0,0
2021-03-09,50.0,0.0,0.0,50.0,0.00,0,0,0
2021-03-08,50.0,0.0,0.0,50.0,0.00,0,0,0
2021-03-05,50.0,0.0,0.0,50.0,0.00,0,0,0
2021-03-04,50.0,0.0,0.0,50.0,0.00,0,0,0
2021-03-03,50.0,0.0,0.0,50.0,0.00,0,0,0
2021-03-02,50.0,0.0,0.0,50.0,0.00,0,0,0
2021-03-01,50.0,0.0,0.0,50.0,0.00,0,0,0
2021-02-26,50.0,0.0,0.0,50.0,0.00,0,0,0
2021-02-25,50.0,0.0,0.0,50.0,0.00,0,0,0
2021-02-24,50.0,50.0,50.0,50.0,0.00,"1,920","96,000","96,000"
2021-02-23,50.0,50.0,50.0,50.0,-28.57,50,"2,500","2,500"
2021-02-22,70.0,0.0,0.0,70.0,0.00,0,0,0
2021-02-19,70.0,0.0,0.0,70.0,0.00,0,0,0
2021-02-18,70.0,0.0,0.0,70.0,0.00,0,0,0
2021-02-17,70.0,0.0,0.0,70.0,0.00,0,0,0
2021-02-16,70.0,0.0,0.0,70.0,0.00,0,0,0
2021-02-15,70.0,0.0,0.0,70.0,0.00,0,0,0
2021-02-12,70.0,0.0,0.0,70.0,0.00,0,0,0
2021-02-11,70.0,0.0,0.0,70.0,0.00,0,0,0
2021-02-10,70.0,0.0,0.0,70.0,0.00,0,0,0
2021-02-09,70.0,0.0,0.0,70.0,0.00,0,0,0
2021-02-08,70.0,0.0,0.0,70.0,0.00,0,0,0
2021-02-05,70.0,0.0,0.0,70.0,0.00,0,0,0
2021-02-04,70.0,0.0,0.0,70.0,0.00,0,0,0
2021-02-03,70.0,0.0,0.0,70.0,0.00,0,0,0
2021-02-02,70.0,0.0,0.0,70.0,0.00,0,0,0
2021-02-01,70.0,0.0,0.0,70.0,0.00,0,0,0
2021-01-29,70.0,0.0,0.0,70.0,0.00,0,0,0
2021-01-28,70.0,0.0,0.0,70.0,0.00,0,0,0
2021-01-27,70.0,0.0,0.0,70.0,0.00,0,0,0
2021-01-26,70.0,0.0,0.0,70.0,0.00,0,0,0
2021-01-25,70.0,0.0,0.0,70.0,0.00,0,0,0
2021-01-22,70.0,0.0,0.0,70.0,0.00,0,0,0
2021-01-21,70.0,0.0,0.0,70.0,0.00,0,0,0
2021-01-20,70.0,0.0,0.0,70.0,0.00,0,0,0
2021-01-18,70.0,0.0,0.0,70.0,0.00,0,0,0
2021-01-15,70.0,0.0,0.0,70.0,0.00,0,0,0
2021-01-14,70.0,0.0,0.0,70.0,0.00,0,0,0
2021-01-13,70.0,0.0,0.0,70.0,0.00,0,0,0
2021-01-12,70.0,0.0,0.0,70.0,0.00,0,0,0
2021-01-11,70.0,0.0,0.0,70.0,0.00,0,0,0
2021-01-08,70.0,0.0,0.0,70.0,0.00,0,0,0
2021-01-05,70.0,0.0,0.0,70.0,0.00,0,0,0
2021-01-04,70.0,0.0,0.0,70.0,0.00,0,0,0
2020-12-30,70.0,0.0,0.0,70.0,0.00,0,0,0
2020-12-29,70.0,0.0,0.0,70.0,0.00,0,0,0
2020-12-28,70.0,0.0,0.0,70.0,0.00,0,0,0
2020-12-25,70.0,0.0,0.0,70.0,0.00,0,0,0
2020-12-24,70.0,0.0,0.0,70.0,0.00,0,0,0
2020-12-23,70.0,0.0,0.0,70.0,0.00,0,0,0
2020-12-22,70.0,0.0,0.0,70.0,0.00,0,0,0
2020-12-21,70.0,0.0,0.0,70.0,0.00,0,0,0
2020-12-18,70.0,0.0,0.0,70.0,0.00,0,0,0
2020-12-17,70.0,0.0,0.0,70.0,0.00,0,0,0
2020-12-16,70.0,0.0,0.0,70.0,0.00,0,0,0
2020-12-15,70.0,0.0,0.0,70.0,0.00,0,0,0
2020-12-14,70.0,0.0,0.0,70.0,0.00,0,0,0
2020-12-11,70.0,0.0,0.0,70.0,0.00,0,0,0
2020-12-10,70.0,0.0,0.0,70.0,0.00,0,0,0
2020-12-09,70.0,0.0,0.0,70.0,0.00,0,0,0
2020-12-07,70.0,0.0,0.0,70.0,0.00,0,0,0
2020-12-04,70.0,0.0,0.0,70.0,0.00,0,0,0
2020-12-03,70.0,0.0,0.0,70.0,0.00,0,0,0
2020-12-02,70.0,0.0,0.0,70.0,0.00,0,0,0
2020-12-01,70.0,0.0,0.0,70.0,0.00,0,0,0
2020-11-30,70.0,0.0,0.0,70.0,0.00,0,0,0
2020-11-27,70.0,0.0,0.0,70.0,0.00,0,0,0
2020-11-26,70.0,0.0,0.0,70.0,0.00,0,0,0
2020-11-25,70.0,0.0,0.0,70.0,0.00,0,0,0
2020-11-24,70.0,0.0,0.0,70.0,0.00,0,0,0
2020-11-23,70.0,0.0,0.0,70.0,0.00,0,0,0
2020-11-20,70.0,0.0,0.0,70.0,0.00,0,0,0
2020-11-19,70.0,0.0,0.0,70.0,0.00,0,0,0
2020-11-18,70.0,0.0,0.0,70.0,0.00,0,0,0
2020-11-17,70.0,0.0,0.0,70.0,0.00,0,0,0
2020-11-16,70.0,0.0,0.0,70.0,0.00,0,0,0
2020-11-13,70.0,0.0,0.0,70.0,0.00,0,0,0
2020-11-12,70.0,0.0,0.0,70.0,0.00,0,0,0
2020-11-11,70.0,0.0,0.0,70.0,0.00,0,0,0
2020-11-10,70.0,0.0,0.0,70.0,0.00,0,0,0
2020-11-09,70.0,0.0,0.0,70.0,0.00,0,0,0
2020-11-06,70.0,0.0,0.0,70.0,0.00,0,0,0
2020-11-05,70.0,0.0,0.0,70.0,0.00,0,0,0
2020-11-04,70.0,0.0,0.0,70.0,0.00,0,0,0
2020-11-03,70.0,0.0,0.0,70.0,0.00,0,0,0
2020-11-02,70.0,0.0,0.0,70.0,0.00,0,0,0
2020-10-30,70.0,0.0,0.0,70.0,0.00,0,0,0
2020-10-29,70.0,0.0,0.0,70.0,0.00,0,0,0
2020-10-28,70.0,0.0,0.0,70.0,0.00,0,0,0
2020-10-27,70.0,0.0,0.0,70.0,0.00,0,0,0
2020-10-26,70.0,0.0,0.0,70.0,0.00,0,0,0
2020-10-22,70.0,0.0,0.0,70.0,0.00,0,0,0
2020-10-21,70.0,0.0,0.0,70.0,0.00,0,0,0
2020-10-20,70.0,0.0,0.0,70.0,0.00,0,0,0
2020-10-19,70.0,0.0,0.0,70.0,0.00,0,0,0
2020-10-16,70.0,70.0,70.0,70.0,2.94,"28,328","1,982,960","1,982,960"
2020-10-15,68.0,68.0,68.0,68.0,0.00,"3,240","220,320","220,320"
2020-10-14,68.0,68.0,68.0,68.0,0.00,890,"60,520","60,520"
2020-10-13,68.0,0.0,0.0,68.0,0.00,0,0,0
2020-10-09,68.0,0.0,0.0,68.0,0.00,0,0,0
2020-10-08,68.0,0.0,0.0,68.0,0.00,0,0,0
2020-10-07,68.0,0.0,0.0,68.0,0.00,0,0,0
2020-10-06,68.0,0.0,0.0,68.0,0.00,0,0,0
2020-10-05,68.0,0.0,0.0,68.0,0.00,0,0,0
2020-10-02,68.0,0.0,0.0,68.0,0.00,0,0,0
2020-10-01,68.0,0.0,0.0,68.0,0.00,0,0,0
2020-09-30,68.0,0.0,0.0,68.0,0.00,0,0,0
2020-09-29,68.0,0.0,0.0,68.0,0.00,0,0,0
2020-09-28,68.0,0.0,0.0,68.0,0.00,0,0,0
2020-09-25,68.0,0.0,0.0,68.0,0.00,0,0,0
2020-09-24,68.0,0.0,0.0,68.0,0.00,0,0,0
2020-09-23,68.0,0.0,0.0,68.0,0.00,0,0,0
2020-09-22,68.0,0.0,0.0,68.0,0.00,0,0,0
2020-09-21,68.0,0.0,0.0,68.0,0.00,0,0,0
2020-09-18,68.0,0.0,0.0,68.0,0.00,0,0,0
2020-09-17,68.0,0.0,0.0,68.0,0.00,0,0,0
2020-09-16,68.0,0.0,0.0,68.0,0.00,0,0,0
2020-09-15,68.0,0.0,0.0,68.0,0.00,0,0,0
2020-09-14,68.0,0.0,0.0,68.0,0.00,0,0,0
2020-09-11,68.0,0.0,0.0,68.0,0.00,0,0,0
2020-09-10,68.0,0.0,0.0,68.0,0.00,0,0,0
2020-09-09,68.0,0.0,0.0,68.0,0.00,0,0,0
2020-09-07,68.0,0.0,0.0,68.0,0.00,0,0,0
2020-09-04,68.0,0.0,0.0,68.0,0.00,0,0,0
2020-09-03,68.0,0.0,0.0,68.0,0.00,0,0,0
2020-09-02,68.0,0.0,0.0,68.0,0.00,0,0,0
2020-09-01,68.0,0.0,0.0,68.0,0.00,0,0,0
2020-08-31,68.0,0.0,0.0,68.0,0.00,0,0,0
2020-08-27,68.0,0.0,0.0,68.0,0.00,0,0,0
2020-08-26,68.0,0.0,0.0,68.0,0.00,0,0,0
2020-08-25,68.0,0.0,0.0,68.0,0.00,0,0,0
2020-08-24,68.0,0.0,0.0,68.0,0.00,0,0,0
2020-08-21,68.0,0.0,0.0,68.0,0.00,0,0,0
2020-08-20,68.0,0.0,0.0,68.0,0.00,0,0,0
2020-08-19,68.0,0.0,0.0,68.0,0.00,0,0,0
2020-08-18,68.0,0.0,0.0,68.0,0.00,0,0,0
2020-08-17,68.0,0.0,0.0,68.0,0.00,0,0,0
2020-08-14,68.0,0.0,0.0,68.0,0.00,0,0,0
2020-08-13,68.0,0.0,0.0,68.0,0.00,0,0,0
2020-08-12,68.0,0.0,0.0,68.0,0.00,0,0,0
2020-08-11,68.0,0.0,0.0,68.0,0.00,0,0,0
2020-08-10,68.0,0.0,0.0,68.0,0.00,0,0,0
2020-08-07,68.0,0.0,0.0,68.0,0.00,0,0,0
2020-08-06,68.0,0.0,0.0,68.0,0.00,0,0,0
2020-08-05,68.0,0.0,0.0,68.0,0.00,0,0,0
2020-08-04,68.0,0.0,0.0,68.0,0.00,0,0,0
2020-07-31,68.0,0.0,0.0,68.0,0.00,0,0,0
2020-07-30,68.0,0.0,0.0,68.0,0.00,0,0,0
2020-07-29,68.0,0.0,0.0,68.0,0.00,0,0,0
2020-07-28,68.0,0.0,0.0,68.0,0.00,0,0,0
2020-07-27,68.0,0.0,0.0,68.0,0.00,0,0,0
2020-07-24,68.0,0.0,0.0,68.0,0.00,0,0,0
2020-07-23,68.0,0.0,0.0,68.0,0.00,0,0,0
2020-07-22,68.0,0.0,0.0,68.0,0.00,0,0,0
2020-07-21,68.0,0.0,0.0,68.0,0.00,0,0,0
2020-07-20,68.0,0.0,0.0,68.0,0.00,0,0,0
2020-07-17,68.0,0.0,0.0,68.0,0.00,0,0,0
2020-07-16,68.0,0.0,0.0,68.0,0.00,0,0,0
2020-07-14,68.0,0.0,0.0,68.0,0.00,0,0,0
2020-07-13,68.0,0.0,0.0,68.0,0.00,0,0,0
2020-07-10,68.0,0.0,0.0,68.0,0.00,0,0,0
2020-07-09,68.0,0.0,0.0,68.0,0.00,0,0,0
2020-07-08,68.0,0.0,0.0,68.0,0.00,0,0,0
2020-07-07,68.0,0.0,0.0,68.0,0.00,0,0,0
2020-07-06,68.0,0.0,0.0,68.0,0.00,0,0,0
2020-07-03,68.0,0.0,0.0,68.0,0.00,0,0,0
2020-07-02,68.0,0.0,0.0,68.0,0.00,0,0,0
2020-07-01,68.0,0.0,0.0,68.0,0.00,0,0,0
2020-06-30,68.0,0.0,0.0,68.0,0.00,0,0,0
2020-06-29,68.0,0.0,0.0,68.0,0.00,0,0,0
2020-06-26,68.0,0.0,0.0,68.0,0.00,0,0,0
2020-06-25,68.0,0.0,0.0,68.0,0.00,0,0,0
2020-06-24,68.0,0.0,0.0,68.0,0.00,0,0,0
2020-06-23,68.0,0.0,0.0,68.0,0.00,0,0,0
2020-06-22,68.0,0.0,0.0,68.0,0.00,0,0,0
2020-06-19,68.0,0.0,0.0,68.0,0.00,0,0,0
2020-06-18,68.0,0.0,0.0,68.0,0.00,0,0,0
2020-06-17,68.0,0.0,0.0,68.0,0.00,0,0,0
2020-06-16,68.0,0.0,0.0,68.0,0.00,0,0,0
2020-06-15,68.0,0.0,0.0,68.0,0.00,0,0,0
2020-06-12,68.0,0.0,0.0,68.0,0.00,0,0,0
2020-06-11,68.0,0.0,0.0,68.0,0.00,0,0,0
2020-06-10,68.0,0.0,0.0,68.0,0.00,0,0,0
2020-06-09,68.0,0.0,0.0,68.0,0.00,0,0,0
2020-06-08,68.0,0.0,0.0,68.0,0.00,0,0,0
2020-06-04,68.0,0.0,0.0,68.0,0.00,0,0,0
2020-06-03,68.0,0.0,0.0,68.0,0.00,0,0,0
2020-06-02,68.0,0.0,0.0,68.0,0.00,0,0,0
2020-06-01,68.0,0.0,0.0,68.0,0.00,0,0,0
2020-05-29,68.0,68.0,68.0,68.0,41.67,896,"60,928","60,928"
2020-05-28,48.0,0.0,0.0,48.0,0.00,0,0,0
2020-05-27,48.0,0.0,0.0,48.0,0.00,0,0,0
2020-05-26,48.0,0.0,0.0,48.0,0.00,0,0,0
2020-05-22,48.0,0.0,0.0,48.0,0.00,0,0,0
2020-05-21,48.0,0.0,0.0,48.0,0.00,0,0,0
2020-05-20,48.0,0.0,0.0,48.0,0.00,0,0,0
2020-05-19,48.0,0.0,0.0,48.0,0.00,0,0,0
2020-05-18,48.0,0.0,0.0,48.0,0.00,0,0,0
2020-05-15,48.0,0.0,0.0,48.0,0.00,0,0,0
2020-05-14,48.0,0.0,0.0,48.0,0.00,0,0,0
2020-05-13,48.0,0.0,0.0,48.0,0.00,0,0,0
2020-05-12,48.0,0.0,0.0,48.0,0.00,0,0,0
2020-05-11,48.0,0.0,0.0,48.0,0.00,0,0,0
2020-05-08,48.0,0.0,0.0,48.0,0.00,0,0,0
2020-05-07,48.0,0.0,0.0,48.0,0.00,0,0,0
2020-05-06,48.0,0.0,0.0,48.0,0.00,0,0,0
2020-05-05,48.0,0.0,0.0,48.0,0.00,0,0,0
2020-05-04,48.0,0.0,0.0,48.0,0.00,0,0,0
2020-04-30,48.0,0.0,0.0,48.0,0.00,0,0,0
2020-04-29,48.0,0.0,0.0,48.0,0.00,0,0,0
2020-04-28,48.0,0.0,0.0,48.0,0.00,0,0,0
2020-04-27,48.0,0.0,0.0,48.0,0.00,0,0,0
2020-04-24,48.0,0.0,0.0,48.0,0.00,0,0,0
2020-04-23,48.0,0.0,0.0,48.0,0.00,0,0,0
2020-04-22,48.0,0.0,0.0,48.0,0.00,0,0,0
2020-04-21,48.0,0.0,0.0,48.0,0.00,0,0,0
2020-04-16,48.0,0.0,0.0,48.0,0.00,0,0,0
2020-04-15,48.0,0.0,0.0,48.0,0.00,0,0,0
2020-04-14,48.0,0.0,0.0,48.0,0.00,0,0,0
2020-04-13,48.0,0.0,0.0,48.0,0.00,0,0,0
2020-04-10,48.0,0.0,0.0,48.0,0.00,0,0,0
2020-04-09,48.0,0.0,0.0,48.0,0.00,0,0,0
2020-04-08,48.0,0.0,0.0,48.0,0.00,0,0,0
2020-04-07,48.0,0.0,0.0,48.0,0.00,0,0,0
2020-04-06,48.0,0.0,0.0,48.0,0.00,0,0,0
2020-04-03,48.0,0.0,0.0,48.0,0.00,0,0,0
2020-04-02,48.0,0.0,0.0,48.0,0.00,0,0,0
2020-04-01,48.0,0.0,0.0,48.0,0.00,0,0,0
2020-03-31,48.0,0.0,0.0,48.0,0.00,0,0,0
2020-03-30,48.0,0.0,0.0,48.0,0.00,0,0,0
2020-03-27,48.0,0.0,0.0,48.0,0.00,0,0,0
2020-03-26,48.0,0.0,0.0,48.0,0.00,0,0,0
2020-03-25,48.0,0.0,0.0,48.0,0.00,0,0,0
2020-03-24,48.0,0.0,0.0,48.0,0.00,0,0,0
2020-03-23,48.0,0.0,0.0,48.0,0.00,0,0,0
2020-03-20,48.0,48.0,48.0,48.0,0.00,"2,886","138,528","138,528"
2020-03-19,48.0,0.0,0.0,48.0,0.00,0,0,0
2020-03-18,48.0,0.0,0.0,48.0,0.00,0,0,0
2020-03-17,48.0,0.0,0.0,48.0,0.00,0,0,0
2020-03-16,48.0,0.0,0.0,48.0,0.00,0,0,0
2020-03-13,48.0,0.0,0.0,48.0,0.00,0,0,0
2020-03-12,48.0,48.0,48.0,48.0,0.00,439,"21,072","21,072"
2020-03-11,48.0,0.0,0.0,48.0,0.00,0,0,0
2020-03-10,48.0,0.0,0.0,48.0,0.00,0,0,0
2020-03-09,48.0,0.0,0.0,48.0,0.00,0,0,0
2020-03-06,48.0,0.0,0.0,48.0,0.00,0,0,0
2020-03-05,48.0,0.0,0.0,48.0,0.00,0,0,0
2020-03-04,48.0,0.0,0.0,48.0,0.00,0,0,0
2020-03-03,48.0,0.0,0.0,48.0,0.00,0,0,0
2020-03-02,48.0,0.0,0.0,48.0,0.00,0,0,0
2020-02-28,48.0,0.0,0.0,48.0,0.00,0,0,0
2020-02-27,48.0,0.0,0.0,48.0,0.00,0,0,0
2020-02-26,48.0,0.0,0.0,48.0,0.00,0,0,0
2020-02-25,48.0,0.0,0.0,48.0,0.00,0,0,0
2020-02-24,48.0,0.0,0.0,48.0,0.00,0,0,0
2020-02-21,48.0,48.0,48.0,48.0,0.00,15,720,720
2020-02-20,48.0,0.0,0.0,48.0,0.00,0,0,0
2020-02-19,48.0,48.0,48.0,48.0,0.00,21,"1,008","1,008"
2020-02-18,48.0,0.0,0.0,48.0,0.00,0,0,0
2020-02-17,48.0,0.0,0.0,48.0,0.00,0,0,0
2020-02-14,48.0,0.0,0.0,48.0,0.00,0,0,0
2020-02-13,48.0,0.0,0.0,48.0,0.00,0,0,0
2020-02-12,48.0,0.0,0.0,48.0,0.00,0,0,0
2020-02-11,48.0,0.0,0.0,48.0,0.00,0,0,0
2020-02-10,48.0,0.0,0.0,48.0,0.00,0,0,0
2020-02-07,48.0,0.0,0.0,48.0,0.00,0,0,0
2020-02-06,48.0,0.0,0.0,48.0,0.00,0,0,0
2020-02-05,48.0,0.0,0.0,48.0,0.00,0,0,0
2020-02-04,48.0,0.0,0.0,48.0,0.00,0,0,0
2020-02-03,48.0,48.0,48.0,48.0,0.00,24,"1,152","1,152"
2020-01-31,48.0,0.0,0.0,48.0,0.00,0,0,0
2020-01-30,48.0,0.0,0.0,48.0,0.00,0,0,0
2020-01-29,48.0,0.0,0.0,48.0,0.00,0,0,0
2020-01-28,48.0,0.0,0.0,48.0,0.00,0,0,0
2020-01-27,48.0,0.0,0.0,48.0,0.00,0,0,0
2020-01-24,48.0,0.0,0.0,48.0,0.00,0,0,0
2020-01-23,48.0,0.0,0.0,48.0,0.00,0,0,0
2020-01-22,48.0,0.0,0.0,48.0,0.00,0,0,0
2020-01-21,48.0,0.0,0.0,48.0,0.00,0,0,0
2020-01-20,48.0,0.0,0.0,48.0,0.00,0,0,0
2020-01-17,48.0,0.0,0.0,48.0,0.00,0,0,0
2020-01-16,48.0,0.0,0.0,48.0,0.00,0,0,0
2020-01-15,48.0,0.0,0.0,48.0,0.00,0,0,0
2020-01-14,48.0,0.0,0.0,48.0,0.00,0,0,0
2020-01-13,48.0,0.0,0.0,48.0,0.00,0,0,0
2020-01-10,48.0,0.0,0.0,48.0,0.00,0,0,0
2020-01-09,48.0,0.0,0.0,48.0,0.00,0,0,0
2020-01-08,48.0,0.0,0.0,48.0,0.00,0,0,0
2020-01-03,48.0,0.0,0.0,48.0,0.00,0,0,0
2020-01-02,48.0,0.0,0.0,48.0,0.00,0,0,0
2019-12-30,48.0,0.0,0.0,48.0,0.00,0,0,0
2019-12-27,48.0,0.0,0.0,48.0,0.00,0,0,0
2019-12-26,48.0,0.0,0.0,48.0,0.00,0,0,0
2019-12-25,48.0,0.0,0.0,48.0,0.00,0,0,0
2019-12-24,48.0,0.0,0.0,48.0,0.00,0,0,0
2019-12-23,48.0,48.0,48.0,48.0,0.00,438,"21,024","21,024"
2019-12-20,48.0,0.0,0.0,48.0,0.00,0,0,0
2019-12-19,48.0,0.0,0.0,48.0,0.00,0,0,0
2019-12-18,48.0,0.0,0.0,48.0,0.00,0,0,0
2019-12-17,48.0,0.0,0.0,48.0,0.00,0,0,0
2019-12-16,48.0,0.0,0.0,48.0,0.00,0,0,0
2019-12-13,48.0,0.0,0.0,48.0,0.00,0,0,0
2019-12-12,48.0,0.0,0.0,48.0,0.00,0,0,0
2019-12-11,48.0,0.0,0.0,48.0,0.00,0,0,0
2019-12-10,48.0,0.0,0.0,48.0,0.00,0,0,0
2019-12-06,48.0,0.0,0.0,48.0,0.00,0,0,0
2019-12-05,48.0,0.0,0.0,48.0,0.00,0,0,0
2019-12-04,48.0,0.0,0.0,48.0,0.00,0,0,0
2019-12-03,48.0,0.0,0.0,48.0,0.00,0,0,0
2019-12-02,48.0,0.0,0.0,48.0,0.00,0,0,0
2019-11-29,48.0,0.0,0.0,48.0,0.00,0,0,0
2019-11-28,48.0,0.0,0.0,48.0,0.00,0,0,0
2019-11-27,48.0,0.0,0.0,48.0,0.00,0,0,0
2019-11-26,48.0,0.0,0.0,48.0,0.00,0,0,0
2019-11-25,48.0,0.0,0.0,48.0,0.00,0,0,0
2019-11-22,48.0,0.0,0.0,48.0,0.00,0,0,0
2019-11-21,48.0,0.0,0.0,48.0,0.00,0,0,0
2019-11-20,48.0,0.0,0.0,48.0,0.00,0,0,0
2019-11-19,48.0,0.0,0.0,48.0,0.00,0,0,0
2019-11-18,48.0,0.0,0.0,48.0,0.00,0,0,0
2019-11-15,48.0,0.0,0.0,48.0,0.00,0,0,0
2019-11-14,48.0,0.0,0.0,48.0,0.00,0,0,0
2019-11-13,48.0,0.0,0.0,48.0,0.00,0,0,0
2019-11-12,48.0,0.0,0.0,48.0,0.00,0,0,0
2019-11-11,48.0,0.0,0.0,48.0,0.00,0,0,0
2019-11-08,48.0,0.0,0.0,48.0,0.00,0,0,0
2019-11-07,48.0,0.0,0.0,48.0,0.00,0,0,0
2019-11-06,48.0,0.0,0.0,48.0,0.00,0,0,0
2019-11-05,48.0,0.0,0.0,48.0,0.00,0,0,0
2019-11-04,48.0,0.0,0.0,48.0,0.00,0,0,0
2019-11-01,48.0,0.0,0.0,48.0,0.00,0,0,0
2019-10-31,48.0,0.0,0.0,48.0,0.00,0,0,0
2019-10-30,48.0,0.0,0.0,48.0,0.00,0,0,0
2019-10-29,48.0,0.0,0.0,48.0,0.00,0,0,0
2019-10-28,48.0,0.0,0.0,48.0,0.00,0,0,0
2019-10-25,48.0,0.0,0.0,48.0,0.00,0,0,0
2019-10-24,48.0,0.0,0.0,48.0,0.00,0,0,0
2019-10-22,48.0,0.0,0.0,48.0,0.00,0,0,0
2019-10-21,48.0,0.0,0.0,48.0,0.00,0,0,0
2019-10-18,48.0,0.0,0.0,48.0,0.00,0,0,0
2019-10-17,48.0,0.0,0.0,48.0,0.00,0,0,0
2019-10-16,48.0,0.0,0.0,48.0,0.00,0,0,0
2019-10-15,48.0,0.0,0.0,48.0,0.00,0,0,0
2019-10-14,48.0,0.0,0.0,48.0,0.00,0,0,0
2019-10-10,48.0,48.0,48.0,48.0,-20.00,50,"2,400","2,400"
2019-10-09,60.0,0.0,0.0,60.0,0.00,0,0,0
2019-10-08,60.0,0.0,0.0,60.0,0.00,0,0,0
2019-10-07,60.0,0.0,0.0,60.0,0.00,0,0,0
2019-10-04,60.0,0.0,0.0,60.0,0.00,0,0,0
2019-10-03,60.0,60.0,60.0,60.0,0.00,"7,796","467,760","467,760"
2019-10-02,60.0,60.0,60.0,60.0,-28.57,10,600,600
2019-10-01,84.0,0.0,0.0,84.0,0.00,0,0,0
2019-09-30,84.0,0.0,0.0,84.0,0.00,0,0,0
2019-09-27,84.0,0.0,0.0,84.0,0.00,0,0,0
2019-09-26,84.0,0.0,0.0,84.0,0.00,0,0,0
2019-09-25,84.0,0.0,0.0,84.0,0.00,0,0,0
2019-09-24,84.0,0.0,0.0,84.0,0.00,0,0,0
2019-09-23,84.0,0.0,0.0,84.0,0.00,0,0,0
2019-09-20,84.0,0.0,0.0,84.0,0.00,0,0,0
2019-09-19,84.0,0.0,0.0,84.0,0.00,0,0,0
2019-09-18,84.0,0.0,0.0,84.0,0.00,0,0,0
2019-09-17,84.0,0.0,0.0,84.0,0.00,0,0,0
2019-09-16,84.0,0.0,0.0,84.0,0.00,0,0,0
2019-09-13,84.0,0.0,0.0,84.0,0.00,0,0,0
2019-09-12,84.0,0.0,0.0,84.0,0.00,0,0,0
2019-09-11,84.0,0.0,0.0,84.0,0.00,0,0,0
2019-09-10,84.0,0.0,0.0,84.0,0.00,0,0,0
2019-09-06,84.0,0.0,0.0,84.0,0.00,0,0,0
2019-09-05,84.0,0.0,0.0,84.0,0.00,0,0,0
2019-09-04,84.0,0.0,0.0,84.0,0.00,0,0,0
2019-09-03,84.0,0.0,0.0,84.0,0.00,0,0,0
2019-09-02,84.0,0.0,0.0,84.0,0.00,0,0,0
2019-08-30,84.0,0.0,0.0,84.0,0.00,0,0,0
2019-08-29,84.0,0.0,0.0,84.0,0.00,0,0,0
2019-08-27,84.0,0.0,0.0,84.0,0.00,0,0,0
2019-08-26,84.0,0.0,0.0,84.0,0.00,0,0,0
2019-08-23,84.0,0.0,0.0,84.0,0.00,0,0,0
2019-08-22,84.0,0.0,0.0,84.0,0.00,0,0,0
2019-08-21,84.0,0.0,0.0,84.0,0.00,0,0,0
2019-08-20,84.0,84.0,84.0,84.0,-2.33,634,"53,256","53,256"
2019-08-19,86.0,86.0,86.0,86.0,1.18,"1,127","96,922","96,922"
2019-08-16,85.0,0.0,0.0,85.0,0.00,0,0,0
2019-08-15,85.0,0.0,0.0,85.0,0.00,0,0,0
2019-08-14,85.0,85.0,85.0,85.0,183.33,500,"42,500","42,500"
2019-08-13,30.0,0.0,0.0,30.0,0.00,0,0,0
2019-08-12,30.0,0.0,0.0,30.0,0.00,0,0,0
2019-08-09,30.0,0.0,0.0,30.0,0.00,0,0,0
2019-08-08,30.0,0.0,0.0,30.0,0.00,0,0,0
2019-08-07,30.0,0.0,0.0,30.0,0.00,0,0,0
2019-08-06,30.0,0.0,0.0,30.0,0.00,0,0,0
2019-08-05,30.0,0.0,0.0,30.0,0.00,0,0,0
2019-08-01,30.0,0.0,0.0,30.0,0.00,0,0,0
2019-07-31,30.0,0.0,0.0,30.0,0.00,0,0,0
2019-07-30,30.0,0.0,0.0,30.0,0.00,0,0,0
2019-07-29,30.0,0.0,0.0,30.0,0.00,0,0,0
2019-07-26,30.0,0.0,0.0,30.0,0.00,0,0,0
2019-07-25,30.0,0.0,0.0,30.0,0.00,0,0,0
2019-07-24,30.0,0.0,0.0,30.0,0.00,0,0,0
2019-07-23,30.0,0.0,0.0,30.0,0.00,0,0,0
2019-07-22,30.0,0.0,0.0,30.0,0.00,0,0,0
2019-07-19,30.0,0.0,0.0,30.0,0.00,0,0,0
2019-07-18,30.0,0.0,0.0,30.0,0.00,0,0,0
2019-07-17,30.0,30.0,30.0,30.0,0.00,100,"3,000","3,000"
2019-07-16,30.0,0.0,0.0,30.0,0.00,0,0,0
2019-07-15,30.0,0.0,0.0,30.0,0.00,0,0,0
2019-07-12,30.0,0.0,0.0,30.0,0.00,0,0,0
2019-07-11,30.0,0.0,0.0,30.0,0.00,0,0,0
2019-07-10,30.0,0.0,0.0,30.0,0.00,0,0,0
2019-07-09,30.0,0.0,0.0,30.0,0.00,0,0,0
2019-07-08,30.0,0.0,0.0,30.0,0.00,0,0,0
2019-07-05,30.0,0.0,0.0,30.0,0.00,0,0,0
2019-07-04,30.0,0.0,0.0,30.0,0.00,0,0,0
2019-07-03,30.0,0.0,0.0,30.0,0.00,0,0,0
2019-07-02,30.0,0.0,0.0,30.0,0.00,0,0,0
2019-07-01,30.0,0.0,0.0,30.0,0.00,0,0,0
2019-06-28,30.0,0.0,0.0,30.0,0.00,0,0,0
2019-06-27,30.0,0.0,0.0,30.0,0.00,0,0,0
2019-06-26,30.0,0.0,0.0,30.0,0.00,0,0,0
2019-06-25,30.0,0.0,0.0,30.0,0.00,0,0,0
2019-06-24,30.0,0.0,0.0,30.0,0.00,0,0,0
2019-06-21,30.0,0.0,0.0,30.0,0.00,0,0,0
2019-06-20,30.0,0.0,0.0,30.0,0.00,0,0,0
2019-06-19,30.0,0.0,0.0,30.0,0.00,0,0,0
2019-06-18,30.0,0.0,0.0,30.0,0.00,0,0,0
2019-06-17,30.0,0.0,0.0,30.0,0.00,0,0,0
2019-06-13,30.0,0.0,0.0,30.0,0.00,0,0,0
2019-06-12,30.0,0.0,0.0,30.0,0.00,0,0,0
2019-06-11,30.0,0.0,0.0,30.0,0.00,0,0,0
2019-06-10,30.0,0.0,0.0,30.0,0.00,0,0,0
2019-06-07,30.0,0.0,0.0,30.0,0.00,0,0,0
2019-06-06,30.0,0.0,0.0,30.0,0.00,0,0,0
2019-06-05,30.0,0.0,0.0,30.0,0.00,0,0,0
2019-06-03,30.0,0.0,0.0,30.0,0.00,0,0,0
2019-05-31,30.0,0.0,0.0,30.0,0.00,0,0,0
2019-05-30,30.0,0.0,0.0,30.0,0.00,0,0,0
2019-05-29,30.0,0.0,0.0,30.0,0.00,0,0,0
2019-05-28,30.0,0.0,0.0,30.0,0.00,0,0,0
2019-05-27,30.0,0.0,0.0,30.0,0.00,0,0,0
2019-05-23,30.0,0.0,0.0,30.0,0.00,0,0,0
2019-05-22,30.0,0.0,0.0,30.0,0.00,0,0,0
2019-05-21,30.0,0.0,0.0,30.0,0.00,0,0,0
2019-05-20,30.0,0.0,0.0,30.0,0.00,0,0,0
2019-05-17,30.0,0.0,0.0,30.0,0.00,0,0,0
2019-05-16,30.0,0.0,0.0,30.0,0.00,0,0,0
2019-05-15,30.0,0.0,0.0,30.0,0.00,0,0,0
2019-05-14,30.0,0.0,0.0,30.0,0.00,0,0,0
2019-05-13,30.0,0.0,0.0,30.0,0.00,0,0,0
2019-05-10,30.0,0.0,0.0,30.0,0.00,0,0,0
2019-05-09,30.0,0.0,0.0,30.0,0.00,0,0,0
2019-05-08,30.0,0.0,0.0,30.0,0.00,0,0,0
2019-05-07,30.0,30.0,30.0,30.0,0.00,12,360,360
2019-05-06,30.0,0.0,0.0,30.0,0.00,0,0,0
2019-05-03,30.0,0.0,0.0,30.0,0.00,0,0,0
2019-05-02,30.0,0.0,0.0,30.0,0.00,0,0,0
2019-04-30,30.0,0.0,0.0,30.0,0.00,0,0,0
2019-04-25,30.0,0.0,0.0,30.0,0.00,0,0,0
2019-04-24,30.0,0.0,0.0,30.0,0.00,0,0,0
2019-04-23,30.0,0.0,0.0,30.0,0.00,0,0,0
2019-04-22,30.0,0.0,0.0,30.0,0.00,0,0,0
2019-04-19,30.0,0.0,0.0,30.0,0.00,0,0,0
2019-04-18,30.0,0.0,0.0,30.0,0.00,0,0,0
2019-04-17,30.0,0.0,0.0,30.0,0.00,0,0,0
2019-04-16,30.0,0.0,0.0,30.0,0.00,0,0,0
2019-04-15,30.0,0.0,0.0,30.0,0.00,0,0,0
2019-04-12,30.0,0.0,0.0,30.0,0.00,0,0,0
2019-04-11,30.0,0.0,0.0,30.0,0.00,0,0,0
2019-04-10,30.0,0.0,0.0,30.0,0.00,0,0,0
2019-04-09,30.0,0.0,0.0,30.0,0.00,0,0,0
2019-04-08,30.0,0.0,0.0,30.0,0.00,0,0,0
2019-04-05,30.0,0.0,0.0,30.0,0.00,0,0,0
2019-04-04,30.0,0.0,0.0,30.0,0.00,0,0,0
2019-04-03,30.0,0.0,0.0,30.0,0.00,0,0,0
2019-04-02,30.0,0.0,0.0,30.0,0.00,0,0,0
2019-04-01,30.0,0.0,0.0,30.0,0.00,0,0,0
2019-03-29,30.0,0.0,0.0,30.0,0.00,0,0,0
2019-03-28,30.0,0.0,0.0,30.0,0.00,0,0,0
2019-03-27,30.0,0.0,0.0,30.0,0.00,0,0,0
2019-03-26,30.0,0.0,0.0,30.0,0.00,0,0,0
2019-03-25,30.0,0.0,0.0,30.0,0.00,0,0,0
2019-03-22,30.0,0.0,0.0,30.0,0.00,0,0,0
2019-03-21,30.0,0.0,0.0,30.0,0.00,0,0,0
2019-03-20,30.0,0.0,0.0,30.0,0.00,0,0,0
2019-03-19,30.0,0.0,0.0,30.0,0.00,0,0,0
2019-03-18,30.0,0.0,0.0,30.0,0.00,0,0,0
2019-03-15,30.0,0.0,0.0,30.0,0.00,0,0,0
2019-03-14,30.0,0.0,0.0,30.0,0.00,0,0,0
2019-03-13,30.0,0.0,0.0,30.0,0.00,0,0,0
2019-03-12,30.0,0.0,0.0,30.0,0.00,0,0,0
2019-03-11,30.0,0.0,0.0,30.0,0.00,0,0,0
2019-03-08,30.0,0.0,0.0,30.0,0.00,0,0,0
2019-03-07,30.0,0.0,0.0,30.0,0.00,0,0,0
2019-03-06,30.0,0.0,0.0,30.0,0.00,0,0,0
2019-03-05,30.0,0.0,0.0,30.0,0.00,0,0,0
2019-03-04,30.0,0.0,0.0,30.0,0.00,0,0,0
2019-03-01,30.0,0.0,0.0,30.0,0.00,0,0,0
2019-02-28,30.0,0.0,0.0,30.0,0.00,0,0,0
2019-02-27,30.0,0.0,0.0,30.0,0.00,0,0,0
2019-02-26,30.0,0.0,0.0,30.0,0.00,0,0,0
2019-02-25,30.0,30.0,30.0,30.0,0.00,33,990,990
2019-02-22,30.0,0.0,0.0,30.0,0.00,0,0,0
2019-02-21,30.0,0.0,0.0,30.0,0.00,0,0,0
2019-02-20,30.0,0.0,0.0,30.0,0.00,0,0,0
2019-02-19,30.0,0.0,0.0,30.0,0.00,0,0,0
2019-02-18,30.0,0.0,0.0,30.0,0.00,0,0,0
2019-02-15,30.0,30.0,30.0,30.0,0.00,28,840,840
2019-02-14,30.0,0.0,0.0,30.0,0.00,0,0,0
2019-02-13,30.0,30.0,30.0,30.0,0.00,25,750,750
2019-02-12,30.0,0.0,0.0,30.0,0.00,0,0,0
2019-02-11,30.0,0.0,0.0,30.0,0.00,0,0,0
2019-02-08,30.0,0.0,0.0,30.0,0.00,0,0,0
2019-02-07,30.0,0.0,0.0,30.0,0.00,0,0,0
2019-02-06,30.0,0.0,0.0,30.0,0.00,0,0,0
2019-02-05,30.0,0.0,0.0,30.0,0.00,0,0,0
2019-02-04,30.0,0.0,0.0,30.0,0.00,0,0,0
2019-02-01,30.0,0.0,0.0,30.0,0.00,0,0,0
2019-01-31,30.0,0.0,0.0,30.0,0.00,0,0,0
2019-01-30,30.0,0.0,0.0,30.0,0.00,0,0,0
2019-01-29,30.0,0.0,0.0,30.0,0.00,0,0,0
2019-01-28,30.0,0.0,0.0,30.0,0.00,0,0,0
2019-01-25,30.0,0.0,0.0,30.0,0.00,0,0,0
2019-01-24,30.0,0.0,0.0,30.0,0.00,0,0,0
2019-01-23,30.0,0.0,0.0,30.0,0.00,0,0,0
2019-01-22,30.0,0.0,0.0,30.0,0.00,0,0,0
2019-01-21,30.0,0.0,0.0,30.0,0.00,0,0,0
2019-01-18,30.0,0.0,0.0,30.0,0.00,0,0,0
2019-01-17,30.0,0.0,0.0,30.0,0.00,0,0,0
2019-01-16,30.0,0.0,0.0,30.0,0.00,0,0,0
2019-01-15,30.0,0.0,0.0,30.0,0.00,0,0,0
2019-01-14,30.0,0.0,0.0,30.0,0.00,0,0,0
2019-01-11,30.0,0.0,0.0,30.0,0.00,0,0,0
2019-01-10,30.0,0.0,0.0,30.0,0.00,0,0,0
2019-01-09,30.0,0.0,0.0,30.0,0.00,0,0,0
2019-01-08,30.0,0.0,0.0,30.0,0.00,0,0,0
2019-01-04,30.0,0.0,0.0,30.0,0.00,0,0,0
2019-01-03,30.0,0.0,0.0,30.0,0.00,0,0,0
2019-01-02,30.0,0.0,0.0,30.0,0.00,0,0,0
2018-12-28,30.0,0.0,0.0,30.0,0.00,0,0,0
2018-12-27,30.0,0.0,0.0,30.0,0.00,0,0,0
2018-12-26,30.0,0.0,0.0,30.0,0.00,0,0,0
2018-12-25,30.0,0.0,0.0,30.0,0.00,0,0,0
2018-12-24,30.0,0.0,0.0,30.0,0.00,0,0,0
2018-12-21,30.0,0.0,0.0,30.0,0.00,0,0,0
2018-12-20,30.0,0.0,0.0,30.0,0.00,0,0,0
2018-12-19,30.0,0.0,0.0,30.0,0.00,0,0,0
2018-12-18,30.0,0.0,0.0,30.0,0.00,0,0,0
2018-12-17,30.0,0.0,0.0,30.0,0.00,0,0,0
2018-12-14,30.0,0.0,0.0,30.0,0.00,0,0,0
2018-12-13,30.0,0.0,0.0,30.0,0.00,0,0,0
2018-12-12,30.0,0.0,0.0,30.0,0.00,0,0,0
2018-12-11,30.0,0.0,0.0,30.0,0.00,0,0,0
2018-12-10,30.0,0.0,0.0,30.0,0.00,0,0,0
2018-12-07,30.0,0.0,0.0,30.0,0.00,0,0,0
2018-12-06,30.0,0.0,0.0,30.0,0.00,0,0,0
2018-12-05,30.0,0.0,0.0,30.0,0.00,0,0,0
2018-12-04,30.0,0.0,0.0,30.0,0.00,0,0,0
2018-12-03,30.0,0.0,0.0,30.0,0.00,0,0,0
2018-11-30,30.0,0.0,0.0,30.0,0.00,0,0,0
2018-11-29,30.0,0.0,0.0,30.0,0.00,0,0,0
2018-11-28,30.0,0.0,0.0,30.0,0.00,0,0,0
2018-11-27,30.0,0.0,0.0,30.0,0.00,0,0,0
2018-11-26,30.0,0.0,0.0,30.0,0.00,0,0,0
2018-11-23,30.0,0.0,0.0,30.0,0.00,0,0,0
2018-11-22,30.0,30.0,30.0,30.0,0.00,"1,554","46,620","46,620"
2018-11-21,30.0,0.0,0.0,30.0,0.00,0,0,0
2018-11-20,30.0,0.0,0.0,30.0,0.00,0,0,0
2018-11-19,30.0,0.0,0.0,30.0,0.00,0,0,0
2018-11-16,30.0,0.0,0.0,30.0,0.00,0,0,0
2018-11-15,30.0,0.0,0.0,30.0,0.00,0,0,0
2018-11-14,30.0,0.0,0.0,30.0,0.00,0,0,0
2018-11-13,30.0,0.0,0.0,30.0,0.00,0,0,0
2018-11-12,30.0,0.0,0.0,30.0,0.00,0,0,0
2018-11-09,30.0,0.0,0.0,30.0,0.00,0,0,0
2018-11-08,30.0,0.0,0.0,30.0,0.00,0,0,0
2018-11-07,30.0,0.0,0.0,30.0,0.00,0,0,0
2018-11-06,30.0,30.0,30.0,30.0,0.00,9,270,270
2018-11-05,30.0,0.0,0.0,30.0,0.00,0,0,0
2018-11-02,30.0,0.0,0.0,30.0,0.00,0,0,0
2018-11-01,30.0,0.0,0.0,30.0,0.00,0,0,0
2018-10-31,30.0,0.0,0.0,30.0,0.00,0,0,0
2018-10-30,30.0,0.0,0.0,30.0,0.00,0,0,0
2018-10-29,30.0,0.0,0.0,30.0,0.00,0,0,0
2018-10-26,30.0,0.0,0.0,30.0,0.00,0,0,0
2018-10-25,30.0,0.0,0.0,30.0,0.00,0,0,0
2018-10-24,30.0,0.0,0.0,30.0,0.00,0,0,0
2018-10-22,30.0,0.0,0.0,30.0,0.00,0,0,0
2018-10-19,30.0,0.0,0.0,30.0,0.00,0,0,0
2018-10-18,30.0,0.0,0.0,30.0,0.00,0,0,0
2018-10-17,30.0,0.0,0.0,30.0,0.00,0,0,0
2018-10-16,30.0,0.0,0.0,30.0,0.00,0,0,0
2018-10-15,30.0,0.0,0.0,30.0,0.00,0,0,0
2018-10-12,30.0,0.0,0.0,30.0,0.00,0,0,0
2018-10-10,30.0,0.0,0.0,30.0,0.00,0,0,0
2018-10-09,30.0,0.0,0.0,30.0,0.00,0,0,0
2018-10-08,30.0,0.0,0.0,30.0,0.00,0,0,0
2018-10-05,30.0,0.0,0.0,30.0,0.00,0,0,0
2018-10-04,30.0,0.0,0.0,30.0,0.00,0,0,0
2018-10-03,30.0,0.0,0.0,30.0,0.00,0,0,0
2018-10-02,30.0,0.0,0.0,30.0,0.00,0,0,0
2018-10-01,30.0,0.0,0.0,30.0,0.00,0,0,0
2018-09-28,30.0,30.0,30.0,30.0,0.00,"1,236","37,080","37,080"
2018-09-27,30.0,0.0,0.0,30.0,0.00,0,0,0
2018-09-26,30.0,0.0,0.0,30.0,0.00,0,0,0
2018-09-25,30.0,0.0,0.0,30.0,0.00,0,0,0
2018-09-24,30.0,0.0,0.0,30.0,0.00,0,0,0
2018-09-21,30.0,0.0,0.0,30.0,0.00,0,0,0
2018-09-20,30.0,0.0,0.0,30.0,0.00,0,0,0
2018-09-19,30.0,0.0,0.0,30.0,0.00,0,0,0
2018-09-18,30.0,0.0,0.0,30.0,0.00,0,0,0
2018-09-17,30.0,0.0,0.0,30.0,0.00,0,0,0
2018-09-14,30.0,0.0,0.0,30.0,0.00,0,0,0
2018-09-13,30.0,0.0,0.0,30.0,0.00,0,0,0
2018-09-12,30.0,0.0,0.0,30.0,0.00,0,0,0
2018-09-11,30.0,0.0,0.0,30.0,0.00,0,0,0
2018-09-10,30.0,0.0,0.0,30.0,0.00,0,0,0
2018-09-07,30.0,0.0,0.0,30.0,0.00,0,0,0
2018-09-06,30.0,0.0,0.0,30.0,0.00,0,0,0
2018-09-05,30.0,0.0,0.0,30.0,0.00,0,0,0
2018-09-04,30.0,0.0,0.0,30.0,0.00,0,0,0
2018-09-03,30.0,0.0,0.0,30.0,0.00,0,0,0
2018-08-31,30.0,0.0,0.0,30.0,0.00,0,0,0
2018-08-30,30.0,0.0,0.0,30.0,0.00,0,0,0
2018-08-29,30.0,0.0,0.0,30.0,0.00,0,0,0
2018-08-27,30.0,0.0,0.0,30.0,0.00,0,0,0
2018-08-24,30.0,0.0,0.0,30.0,0.00,0,0,0
2018-08-23,30.0,0.0,0.0,30.0,0.00,0,0,0
2018-08-22,30.0,0.0,0.0,30.0,0.00,0,0,0
2018-08-21,30.0,0.0,0.0,30.0,0.00,0,0,0
2018-08-20,30.0,0.0,0.0,30.0,0.00,0,0,0
2018-08-17,30.0,30.0,30.0,30.0,0.00,25,750,750
2018-08-16,30.0,0.0,0.0,30.0,0.00,0,0,0
2018-08-15,30.0,0.0,0.0,30.0,0.00,0,0,0
2018-08-14,30.0,0.0,0.0,30.0,0.00,0,0,0
2018-08-13,30.0,0.0,0.0,30.0,0.00,0,0,0
2018-08-10,30.0,0.0,0.0,30.0,0.00,0,0,0
2018-08-09,30.0,0.0,0.0,30.0,0.00,0,0,0
2018-08-08,30.0,0.0,0.0,30.0,0.00,0,0,0
2018-08-07,30.0,0.0,0.0,30.0,0.00,0,0,0
2018-08-06,30.0,0.0,0.0,30.0,0.00,0,0,0
2018-08-03,30.0,0.0,0.0,30.0,0.00,0,0,0
2018-08-01,30.0,0.0,0.0,30.0,0.00,0,0,0
2018-07-31,30.0,0.0,0.0,30.0,0.00,0,0,0
2018-07-30,30.0,0.0,0.0,30.0,0.00,0,0,0
2018-07-27,30.0,0.0,0.0,30.0,0.00,0,0,0
2018-07-26,30.0,0.0,0.0,30.0,0.00,0,0,0
2018-07-25,30.0,0.0,0.0,30.0,0.00,0,0,0
2018-07-24,30.0,0.0,0.0,30.0,0.00,0,0,0
2018-07-23,30.0,0.0,0.0,30.0,0.00,0,0,0
2018-07-20,30.0,0.0,0.0,30.0,0.00,0,0,0
2018-07-19,30.0,0.0,0.0,30.0,0.00,0,0,0
2018-07-18,30.0,0.0,0.0,30.0,0.00,0,0,0
2018-07-17,30.0,0.0,0.0,30.0,0.00,0,0,0
2018-07-16,30.0,0.0,0.0,30.0,0.00,0,0,0
2018-07-13,30.0,0.0,0.0,30.0,0.00,0,0,0
2018-07-12,30.0,0.0,0.0,30.0,0.00,0,0,0
2018-07-11,30.0,0.0,0.0,30.0,0.00,0,0,0
2018-07-10,30.0,0.0,0.0,30.0,0.00,0,0,0
2018-07-09,30.0,0.0,0.0,30.0,0.00,0,0,0
2018-07-06,30.0,0.0,0.0,30.0,0.00,0,0,0
2018-07-05,30.0,0.0,0.0,30.0,0.00,0,0,0
2018-07-04,30.0,30.0,30.0,30.0,0.00,25,750,750
2018-07-03,30.0,0.0,0.0,30.0,0.00,0,0,0
2018-07-02,30.0,0.0,0.0,30.0,0.00,0,0,0
2018-06-29,30.0,0.0,0.0,30.0,0.00,0,0,0
2018-06-28,30.0,0.0,0.0,30.0,0.00,0,0,0
2018-06-27,30.0,0.0,0.0,30.0,0.00,0,0,0
2018-06-26,30.0,0.0,0.0,30.0,0.00,0,0,0
2018-06-25,30.0,0.0,0.0,30.0,0.00,0,0,0
2018-06-22,30.0,0.0,0.0,30.0,0.00,0,0,0
2018-06-21,30.0,0.0,0.0,30.0,0.00,0,0,0
2018-06-20,30.0,0.0,0.0,30.0,0.00,0,0,0
2018-06-19,30.0,0.0,0.0,30.0,0.00,0,0,0
2018-06-18,30.0,0.0,0.0,30.0,0.00,0,0,0
2018-06-14,30.0,0.0,0.0,30.0,0.00,0,0,0
2018-06-13,30.0,0.0,0.0,30.0,0.00,0,0,0
2018-06-12,30.0,0.0,0.0,30.0,0.00,0,0,0
2018-06-11,30.0,0.0,0.0,30.0,0.00,0,0,0
2018-06-08,30.0,30.0,30.0,30.0,0.00,41,"1,230","1,230"
2018-06-07,30.0,0.0,0.0,30.0,0.00,0,0,0
2018-06-06,30.0,0.0,0.0,30.0,0.00,0,0,0
2018-06-05,30.0,30.0,30.0,30.0,0.00,157,"4,710","4,710"
2018-06-04,30.0,0.0,0.0,30.0,0.00,0,0,0
2018-06-01,30.0,0.0,0.0,30.0,0.00,0,0,0
2018-05-31,30.0,0.0,0.0,30.0,0.00,0,0,0
2018-05-30,30.0,0.0,0.0,30.0,0.00,0,0,0
2018-05-29,30.0,30.0,30.0,30.0,0.00,100,"3,000","3,000"
2018-05-28,30.0,30.0,30.0,30.0,0.00,200,"6,000","6,000"
2018-05-23,30.0,0.0,0.0,30.0,0.00,0,0,0
2018-05-22,30.0,0.0,0.0,30.0,0.00,0,0,0
2018-05-21,30.0,0.0,0.0,30.0,0.00,0,0,0
2018-05-18,30.0,0.0,0.0,30.0,0.00,0,0,0
2018-05-17,30.0,0.0,0.0,30.0,0.00,0,0,0
2018-05-16,30.0,0.0,0.0,30.0,0.00,0,0,0
2018-05-15,30.0,0.0,0.0,30.0,0.00,0,0,0
2018-05-14,30.0,0.0,0.0,30.0,0.00,0,0,0
2018-05-11,30.0,0.0,0.0,30.0,0.00,0,0,0
2018-05-10,30.0,0.0,0.0,30.0,0.00,0,0,0
2018-05-09,30.0,0.0,0.0,30.0,0.00,0,0,0
2018-05-08,30.0,0.0,0.0,30.0,0.00,0,0,0
2018-05-07,30.0,0.0,0.0,30.0,0.00,0,0,0
2018-05-04,30.0,0.0,0.0,30.0,0.00,0,0,0
2018-05-03,30.0,0.0,0.0,30.0,0.00,0,0,0
2018-05-02,30.0,0.0,0.0,30.0,0.00,0,0,0
2018-04-30,30.0,0.0,0.0,30.0,0.00,0,0,0
2018-04-27,30.0,0.0,0.0,30.0,0.00,0,0,0
2018-04-26,30.0,0.0,0.0,30.0,0.00,0,0,0
2018-04-25,30.0,0.0,0.0,30.0,0.00,0,0,0
2018-04-24,30.0,0.0,0.0,30.0,0.00,0,0,0
2018-04-23,30.0,0.0,0.0,30.0,0.00,0,0,0
2018-04-20,30.0,0.0,0.0,30.0,0.00,0,0,0
2018-04-19,30.0,0.0,0.0,30.0,0.00,0,0,0
2018-04-18,30.0,0.0,0.0,30.0,0.00,0,0,0
2018-04-17,30.0,30.0,30.0,30.0,0.00,21,630,630
2018-04-16,30.0,0.0,0.0,30.0,0.00,0,0,0
2018-04-13,30.0,0.0,0.0,30.0,0.00,0,0,0
2018-04-12,30.0,0.0,0.0,30.0,0.00,0,0,0
2018-04-11,30.0,0.0,0.0,30.0,0.00,0,0,0
2018-04-10,30.0,0.0,0.0,30.0,0.00,0,0,0
2018-04-05,30.0,0.0,0.0,30.0,0.00,0,0,0
2018-04-04,30.0,0.0,0.0,30.0,0.00,0,0,0
2018-04-03,30.0,0.0,0.0,30.0,0.00,0,0,0
2018-04-02,30.0,0.0,0.0,30.0,0.00,0,0,0
2018-03-30,30.0,0.0,0.0,30.0,0.00,0,0,0
2018-03-29,30.0,0.0,0.0,30.0,0.00,0,0,0
2018-03-28,30.0,0.0,0.0,30.0,0.00,0,0,0
2018-03-27,30.0,0.0,0.0,30.0,0.00,0,0,0
2018-03-26,30.0,0.0,0.0,30.0,0.00,0,0,0
2018-03-23,30.0,0.0,0.0,30.0,0.00,0,0,0
2018-03-22,30.0,0.0,0.0,30.0,0.00,0,0,0
2018-03-21,30.0,0.0,0.0,30.0,0.00,0,0,0
2018-03-20,30.0,0.0,0.0,30.0,0.00,0,0,0
2018-03-19,30.0,0.0,0.0,30.0,0.00,0,0,0
2018-03-16,30.0,0.0,0.0,30.0,0.00,0,0,0
2018-03-15,30.0,0.0,0.0,30.0,0.00,0,0,0
2018-03-14,30.0,0.0,0.0,30.0,0.00,0,0,0
2018-03-13,30.0,0.0,0.0,30.0,0.00,0,0,0
2018-03-12,30.0,0.0,0.0,30.0,0.00,0,0,0
2018-03-09,30.0,0.0,0.0,30.0,0.00,0,0,0
2018-03-08,30.0,0.0,0.0,30.0,0.00,0,0,0
2018-03-07,30.0,0.0,0.0,30.0,0.00,0,0,0
2018-03-06,30.0,0.0,0.0,30.0,0.00,0,0,0
2018-03-05,30.0,0.0,0.0,30.0,0.00,0,0,0
2018-03-02,30.0,0.0,0.0,30.0,0.00,0,0,0
2018-03-01,30.0,0.0,0.0,30.0,0.00,0,0,0
2018-02-28,30.0,0.0,0.0,30.0,0.00,0,0,0
2018-02-27,30.0,0.0,0.0,30.0,0.00,0,0,0
2018-02-26,30.0,0.0,0.0,30.0,0.00,0,0,0
2018-02-23,30.0,0.0,0.0,30.0,0.00,0,0,0
2018-02-22,30.0,0.0,0.0,30.0,0.00,0,0,0
2018-02-21,30.0,0.0,0.0,30.0,0.00,0,0,0
2018-02-20,30.0,0.0,0.0,30.0,0.00,0,0,0
2018-02-19,30.0,0.0,0.0,30.0,0.00,0,0,0
2018-02-16,30.0,0.0,0.0,30.0,0.00,0,0,0
2018-02-15,30.0,0.0,0.0,30.0,0.00,0,0,0
2018-02-14,30.0,0.0,0.0,30.0,0.00,0,0,0
2018-02-13,30.0,0.0,0.0,30.0,0.00,0,0,0
2018-02-12,30.0,30.0,30.0,30.0,0.00,20,600,600
2018-02-09,30.0,0.0,0.0,30.0,0.00,0,0,0
2018-02-08,30.0,0.0,0.0,30.0,0.00,0,0,0
2018-02-07,30.0,0.0,0.0,30.0,0.00,0,0,0
2018-02-06,30.0,30.0,30.0,30.0,0.00,24,720,720
2018-02-05,30.0,0.0,0.0,30.0,0.00,0,0,0
2018-02-02,30.0,0.0,0.0,30.0,0.00,0,0,0
2018-02-01,30.0,0.0,0.0,30.0,0.00,0,0,0
2018-01-31,30.0,0.0,0.0,30.0,0.00,0,0,0
2018-01-30,30.0,0.0,0.0,30.0,0.00,0,0,0
2018-01-29,30.0,0.0,0.0,30.0,0.00,0,0,0
2018-01-26,30.0,0.0,0.0,30.0,0.00,0,0,0
2018-01-25,30.0,0.0,0.0,30.0,0.00,0,0,0
2018-01-24,30.0,0.0,0.0,30.0,0.00,0,0,0
2018-01-23,30.0,0.0,0.0,30.0,0.00,0,0,0
2018-01-22,30.0,0.0,0.0,30.0,0.00,0,0,0
2018-01-18,30.0,0.0,0.0,30.0,0.00,0,0,0
2018-01-17,30.0,0.0,0.0,30.0,0.00,0,0,0
2018-01-16,30.0,0.0,0.0,30.0,0.00,0,0,0
2018-01-15,30.0,0.0,0.0,30.0,0.00,0,0,0
2018-01-12,30.0,0.0,0.0,30.0,0.00,0,0,0
2018-01-11,30.0,0.0,0.0,30.0,0.00,0,0,0
2018-01-10,30.0,0.0,0.0,30.0,0.00,0,0,0
2018-01-09,30.0,0.0,0.0,30.0,0.00,0,0,0
2018-01-05,30.0,0.0,0.0,30.0,0.00,0,0,0
2018-01-04,30.0,0.0,0.0,30.0,0.00,0,0,0
2018-01-03,30.0,0.0,0.0,30.0,0.00,0,0,0
2018-01-02,30.0,0.0,0.0,30.0,0.00,0,0,0
2017-12-28,30.0,0.0,0.0,30.0,0.00,0,0,0
2017-12-27,30.0,0.0,0.0,30.0,0.00,0,0,0
2017-12-26,30.0,0.0,0.0,30.0,0.00,0,0,0
2017-12-25,30.0,0.0,0.0,30.0,0.00,0,0,0
2017-12-22,30.0,0.0,0.0,30.0,0.00,0,0,0
2017-12-21,30.0,0.0,0.0,30.0,0.00,0,0,0
2017-12-20,30.0,0.0,0.0,30.0,0.00,0,0,0
2017-12-19,30.0,0.0,0.0,30.0,0.00,0,0,0
2017-12-18,30.0,0.0,0.0,30.0,0.00,0,0,0
2017-12-15,30.0,0.0,0.0,30.0,0.00,0,0,0
2017-12-14,30.0,0.0,0.0,30.0,0.00,0,0,0
2017-12-13,30.0,0.0,0.0,30.0,0.00,0,0,0
2017-12-12,30.0,0.0,0.0,30.0,0.00,0,0,0
2017-12-11,30.0,0.0,0.0,30.0,0.00,0,0,0
2017-12-07,30.0,0.0,0.0,30.0,0.00,0,0,0
2017-12-06,30.0,30.0,30.0,30.0,0.00,"3,932","117,960","117,960"
2017-12-05,30.0,30.0,30.0,30.0,0.00,"5,000","150,000","150,000"
2017-12-04,30.0,0.0,0.0,30.0,0.00,0,0,0
2017-12-01,30.0,0.0,0.0,30.0,0.00,0,0,0
2017-11-30,30.0,0.0,0.0,30.0,0.00,0,0,0
2017-11-29,30.0,0.0,0.0,30.0,0.00,0,0,0
2017-11-28,30.0,0.0,0.0,30.0,0.00,0,0,0
2017-11-27,30.0,0.0,0.0,30.0,0.00,0,0,0
2017-11-24,30.0,0.0,0.0,30.0,0.00,0,0,0
2017-11-23,30.0,0.0,0.0,30.0,0.00,0,0,0
2017-11-22,30.0,0.0,0.0,30.0,0.00,0,0,0
2017-11-21,30.0,0.0,0.0,30.0,0.00,0,0,0
2017-11-20,30.0,0.0,0.0,30.0,0.00,0,0,0
2017-11-17,30.0,0.0,0.0,30.0,0.00,0,0,0
2017-11-16,30.0,0.0,0.0,30.0,0.00,0,0,0
2017-11-15,30.0,0.0,0.0,30.0,0.00,0,0,0
2017-11-14,30.0,0.0,0.0,30.0,0.00,0,0,0
2017-11-13,30.0,0.0,0.0,30.0,0.00,0,0,0
2017-11-10,30.0,0.0,0.0,30.0,0.00,0,0,0
2017-11-09,30.0,0.0,0.0,30.0,0.00,0,0,0
2017-11-08,30.0,0.0,0.0,30.0,0.00,0,0,0
2017-11-07,30.0,0.0,0.0,30.0,0.00,0,0,0
2017-11-06,30.0,0.0,0.0,30.0,0.00,0,0,0
2017-11-03,30.0,0.0,0.0,30.0,0.00,0,0,0
2017-11-02,30.0,30.0,30.0,30.0,0.00,100,"3,000","3,000"
2017-11-01,30.0,0.0,0.0,30.0,0.00,0,0,0
2017-10-31,30.0,0.0,0.0,30.0,0.00,0,0,0
2017-10-30,30.0,0.0,0.0,30.0,0.00,0,0,0
2017-10-27,30.0,0.0,0.0,30.0,0.00,0,0,0
2017-10-26,30.0,0.0,0.0,30.0,0.00,0,0,0
2017-10-25,30.0,0.0,0.0,30.0,0.00,0,0,0
2017-10-24,30.0,0.0,0.0,30.0,0.00,0,0,0
2017-10-20,30.0,0.0,0.0,30.0,0.00,0,0,0
2017-10-19,30.0,0.0,0.0,30.0,0.00,0,0,0
2017-10-18,30.0,0.0,0.0,30.0,0.00,0,0,0
2017-10-17,30.0,0.0,0.0,30.0,0.00,0,0,0
2017-10-16,30.0,0.0,0.0,30.0,0.00,0,0,0
2017-10-13,30.0,0.0,0.0,30.0,0.00,0,0,0
2017-10-12,30.0,0.0,0.0,30.0,0.00,0,0,0
2017-10-10,30.0,0.0,0.0,30.0,0.00,0,0,0
2017-10-09,30.0,0.0,0.0,30.0,0.00,0,0,0
2017-10-06,30.0,0.0,0.0,30.0,0.00,0,0,0
2017-10-05,30.0,0.0,0.0,30.0,0.00,0,0,0
2017-10-04,30.0,0.0,0.0,30.0,0.00,0,0,0
2017-10-03,30.0,0.0,0.0,30.0,0.00,0,0,0
2017-10-02,30.0,0.0,0.0,30.0,0.00,0,0,0
2017-09-29,30.0,0.0,0.0,30.0,0.00,0,0,0
2017-09-28,30.0,0.0,0.0,30.0,0.00,0,0,0
2017-09-27,30.0,0.0,0.0,30.0,0.00,0,0,0
2017-09-26,30.0,0.0,0.0,30.0,0.00,0,0,0
2017-09-25,30.0,0.0,0.0,30.0,0.00,0,0,0
2017-09-22,30.0,0.0,0.0,30.0,0.00,0,0,0
2017-09-21,30.0,0.0,0.0,30.0,0.00,0,0,0
2017-09-20,30.0,0.0,0.0,30.0,0.00,0,0,0
2017-09-19,30.0,0.0,0.0,30.0,0.00,0,0,0
2017-09-18,30.0,0.0,0.0,30.0,0.00,0,0,0
2017-09-15,30.0,0.0,0.0,30.0,0.00,0,0,0
2017-09-14,30.0,0.0,0.0,30.0,0.00,0,0,0
2017-09-13,30.0,0.0,0.0,30.0,0.00,0,0,0
2017-09-12,30.0,0.0,0.0,30.0,0.00,0,0,0
2017-09-11,30.0,0.0,0.0,30.0,0.00,0,0,0
2017-09-07,30.0,0.0,0.0,30.0,0.00,0,0,0
2017-09-06,30.0,0.0,0.0,30.0,0.00,0,0,0
2017-09-05,30.0,0.0,0.0,30.0,0.00,0,0,0
2017-09-04,30.0,0.0,0.0,30.0,0.00,0,0,0
2017-09-01,30.0,0.0,0.0,30.0,0.00,0,0,0
2017-08-31,30.0,0.0,0.0,30.0,0.00,0,0,0
2017-08-30,30.0,0.0,0.0,30.0,0.00,0,0,0
2017-08-29,30.0,0.0,0.0,30.0,0.00,0,0,0
2017-08-25,30.0,0.0,0.0,30.0,0.00,0,0,0
2017-08-24,30.0,0.0,0.0,30.0,0.00,0,0,0
2017-08-23,30.0,0.0,0.0,30.0,0.00,0,0,0
2017-08-22,30.0,0.0,0.0,30.0,0.00,0,0,0
2017-08-21,30.0,0.0,0.0,30.0,0.00,0,0,0
2017-08-18,30.0,0.0,0.0,30.0,0.00,0,0,0
2017-08-17,30.0,0.0,0.0,30.0,0.00,0,0,0
2017-08-16,30.0,0.0,0.0,30.0,0.00,0,0,0
2017-08-15,30.0,0.0,0.0,30.0,0.00,0,0,0
2017-08-14,30.0,0.0,0.0,30.0,0.00,0,0,0
2017-08-11,30.0,0.0,0.0,30.0,0.00,0,0,0
2017-08-10,30.0,0.0,0.0,30.0,0.00,0,0,0
2017-08-09,30.0,0.0,0.0,30.0,0.00,0,0,0
2017-08-08,30.0,0.0,0.0,30.0,0.00,0,0,0
2017-08-07,30.0,0.0,0.0,30.0,0.00,0,0,0
2017-08-04,30.0,0.0,0.0,30.0,0.00,0,0,0
2017-08-03,30.0,0.0,0.0,30.0,0.00,0,0,0
2017-08-01,30.0,0.0,0.0,30.0,0.00,0,0,0
2017-07-31,30.0,0.0,0.0,30.0,0.00,0,0,0
2017-07-28,30.0,0.0,0.0,30.0,0.00,0,0,0
2017-07-27,30.0,0.0,0.0,30.0,0.00,0,0,0
2017-07-26,30.0,30.0,30.0,30.0,0.00,99,"2,970","2,970"
2017-07-25,30.0,0.0,0.0,30.0,0.00,0,0,0
2017-07-24,30.0,0.0,0.0,30.0,0.00,0,0,0
2017-07-21,30.0,0.0,0.0,30.0,0.00,0,0,0
2017-07-20,30.0,0.0,0.0,30.0,0.00,0,0,0
2017-07-19,30.0,0.0,0.0,30.0,0.00,0,0,0
2017-07-18,30.0,0.0,0.0,30.0,0.00,0,0,0
2017-07-17,30.0,0.0,0.0,30.0,0.00,0,0,0
2017-07-14,30.0,0.0,0.0,30.0,0.00,0,0,0
2017-07-13,30.0,0.0,0.0,30.0,0.00,0,0,0
2017-07-12,30.0,0.0,0.0,30.0,0.00,0,0,0
2017-07-11,30.0,0.0,0.0,30.0,0.00,0,0,0
2017-07-10,30.0,0.0,0.0,30.0,0.00,0,0,0
2017-07-07,30.0,0.0,0.0,30.0,0.00,0,0,0
2017-07-06,30.0,0.0,0.0,30.0,0.00,0,0,0
2017-07-05,30.0,0.0,0.0,30.0,0.00,0,0,0
2017-07-04,30.0,0.0,0.0,30.0,0.00,0,0,0
2017-07-03,30.0,0.0,0.0,30.0,0.00,0,0,0
2017-06-30,30.0,0.0,0.0,30.0,0.00,0,0,0
2017-06-29,30.0,0.0,0.0,30.0,0.00,0,0,0
2017-06-28,30.0,30.0,30.0,30.0,0.00,"1,237","37,110","37,110"
2017-06-27,30.0,0.0,0.0,30.0,0.00,0,0,0
2017-06-23,30.0,0.0,0.0,30.0,0.00,0,0,0
2017-06-22,30.0,0.0,0.0,30.0,0.00,0,0,0
2017-06-21,30.0,0.0,0.0,30.0,0.00,0,0,0
2017-06-20,30.0,0.0,0.0,30.0,0.00,0,0,0
2017-06-19,30.0,0.0,0.0,30.0,0.00,0,0,0
2017-06-16,30.0,0.0,0.0,30.0,0.00,0,0,0
2017-06-15,30.0,0.0,0.0,30.0,0.00,0,0,0
2017-06-14,30.0,0.0,0.0,30.0,0.00,0,0,0
2017-06-13,30.0,0.0,0.0,30.0,0.00,0,0,0
2017-06-12,30.0,0.0,0.0,30.0,0.00,0,0,0
2017-06-09,30.0,0.0,0.0,30.0,0.00,0,0,0
2017-06-08,30.0,0.0,0.0,30.0,0.00,0,0,0
2017-06-07,30.0,0.0,0.0,30.0,0.00,0,0,0
2017-06-06,30.0,0.0,0.0,30.0,0.00,0,0,0
2017-06-05,30.0,0.0,0.0,30.0,0.00,0,0,0
2017-06-01,30.0,0.0,0.0,30.0,0.00,0,0,0
2017-05-31,30.0,0.0,0.0,30.0,0.00,0,0,0
2017-05-30,30.0,0.0,0.0,30.0,0.00,0,0,0
2017-05-29,30.0,0.0,0.0,30.0,0.00,0,0,0
2017-05-26,30.0,0.0,0.0,30.0,0.00,0,0,0
2017-05-25,30.0,0.0,0.0,30.0,0.00,0,0,0
2017-05-23,30.0,0.0,0.0,30.0,0.00,0,0,0
2017-05-22,30.0,0.0,0.0,30.0,0.00,0,0,0
2017-05-19,30.0,0.0,0.0,30.0,0.00,0,0,0
2017-05-18,30.0,0.0,0.0,30.0,0.00,0,0,0
2017-05-17,30.0,0.0,0.0,30.0,0.00,0,0,0
2017-05-16,30.0,0.0,0.0,30.0,0.00,0,0,0
2017-05-15,30.0,0.0,0.0,30.0,0.00,0,0,0
2017-05-12,30.0,0.0,0.0,30.0,0.00,0,0,0
2017-05-11,30.0,0.0,0.0,30.0,0.00,0,0,0
2017-05-10,30.0,0.0,0.0,30.0,0.00,0,0,0
2017-05-09,30.0,0.0,0.0,30.0,0.00,0,0,0
2017-05-08,30.0,0.0,0.0,30.0,0.00,0,0,0
2017-05-05,30.0,0.0,0.0,30.0,0.00,0,0,0
2017-05-04,30.0,0.0,0.0,30.0,0.00,0,0,0
2017-05-03,30.0,0.0,0.0,30.0,0.00,0,0,0
2017-05-02,30.0,0.0,0.0,30.0,0.00,0,0,0
2017-04-28,30.0,0.0,0.0,30.0,0.00,0,0,0
2017-04-27,30.0,0.0,0.0,30.0,0.00,0,0,0
2017-04-26,30.0,0.0,0.0,30.0,0.00,0,0,0
2017-04-25,30.0,0.0,0.0,30.0,0.00,0,0,0
2017-04-24,30.0,0.0,0.0,30.0,0.00,0,0,0
2017-04-21,30.0,0.0,0.0,30.0,0.00,0,0,0
2017-04-20,30.0,0.0,0.0,30.0,0.00,0,0,0
2017-04-19,30.0,0.0,0.0,30.0,0.00,0,0,0
2017-04-18,30.0,0.0,0.0,30.0,0.00,0,0,0
2017-04-13,30.0,0.0,0.0,30.0,0.00,0,0,0
2017-04-12,30.0,0.0,0.0,30.0,0.00,0,0,0
2017-04-11,30.0,0.0,0.0,30.0,0.00,0,0,0
2017-04-10,30.0,0.0,0.0,30.0,0.00,0,0,0
2017-04-07,30.0,0.0,0.0,30.0,0.00,0,0,0
2017-04-06,30.0,0.0,0.0,30.0,0.00,0,0,0
2017-04-05,30.0,30.0,30.0,30.0,0.00,735,"22,050","22,050"
2017-04-04,30.0,0.0,0.0,30.0,0.00,0,0,0
2017-04-03,30.0,0.0,0.0,30.0,0.00,0,0,0
2017-03-31,30.0,0.0,0.0,30.0,0.00,0,0,0
2017-03-30,30.0,0.0,0.0,30.0,0.00,0,0,0
2017-03-29,30.0,0.0,0.0,30.0,0.00,0,0,0
2017-03-28,30.0,0.0,0.0,30.0,0.00,0,0,0
2017-03-27,30.0,0.0,0.0,30.0,0.00,0,0,0
2017-03-24,30.0,0.0,0.0,30.0,0.00,0,0,0
2017-03-23,30.0,0.0,0.0,30.0,0.00,0,0,0
2017-03-22,30.0,0.0,0.0,30.0,0.00,0,0,0
2017-03-21,30.0,0.0,0.0,30.0,0.00,0,0,0
2017-03-20,30.0,0.0,0.0,30.0,0.00,0,0,0
2017-03-17,30.0,0.0,0.0,30.0,0.00,0,0,0
2017-03-16,30.0,0.0,0.0,30.0,0.00,0,0,0
2017-03-15,30.0,0.0,0.0,30.0,0.00,0,0,0
2017-03-14,30.0,0.0,0.0,30.0,0.00,0,0,0
2017-03-13,30.0,0.0,0.0,30.0,0.00,0,0,0
2017-03-10,30.0,0.0,0.0,30.0,0.00,0,0,0
2017-03-09,30.0,0.0,0.0,30.0,0.00,0,0,0
2017-03-08,30.0,0.0,0.0,30.0,0.00,0,0,0
2017-03-07,30.0,0.0,0.0,30.0,0.00,0,0,0
2017-03-06,30.0,0.0,0.0,30.0,0.00,0,0,0
2017-03-03,30.0,0.0,0.0,30.0,0.00,0,0,0
2017-03-02,30.0,0.0,0.0,30.0,0.00,0,0,0
2017-03-01,30.0,0.0,0.0,30.0,0.00,0,0,0
2017-02-28,30.0,0.0,0.0,30.0,0.00,0,0,0
2017-02-27,30.0,0.0,0.0,30.0,0.00,0,0,0
2017-02-24,30.0,0.0,0.0,30.0,0.00,0,0,0
2017-02-23,30.0,0.0,0.0,30.0,0.00,0,0,0
2017-02-22,30.0,0.0,0.0,30.0,0.00,0,0,0
2017-02-21,30.0,0.0,0.0,30.0,0.00,0,0,0
2017-02-20,30.0,0.0,0.0,30.0,0.00,0,0,0
2017-02-17,30.0,0.0,0.0,30.0,0.00,0,0,0
2017-02-16,30.0,0.0,0.0,30.0,0.00,0,0,0
2017-02-15,30.0,0.0,0.0,30.0,0.00,0,0,0
2017-02-14,30.0,0.0,0.0,30.0,0.00,0,0,0
2017-02-13,30.0,0.0,0.0,30.0,0.00,0,0,0
2017-02-10,30.0,0.0,0.0,30.0,0.00,0,0,0
2017-02-09,30.0,0.0,0.0,30.0,0.00,0,0,0
2017-02-08,30.0,0.0,0.0,30.0,0.00,0,0,0
2017-02-07,30.0,0.0,0.0,30.0,0.00,0,0,0
2017-02-06,30.0,0.0,0.0,30.0,0.00,0,0,0
2017-02-03,30.0,0.0,0.0,30.0,0.00,0,0,0
2017-02-02,30.0,0.0,0.0,30.0,0.00,0,0,0
2017-02-01,30.0,0.0,0.0,30.0,0.00,0,0,0
2017-01-31,30.0,0.0,0.0,30.0,0.00,0,0,0
2017-01-30,30.0,0.0,0.0,30.0,0.00,0,0,0
2017-01-27,30.0,0.0,0.0,30.0,0.00,0,0,0
2017-01-26,30.0,0.0,0.0,30.0,0.00,0,0,0
2017-01-25,30.0,0.0,0.0,30.0,0.00,0,0,0
2017-01-24,30.0,0.0,0.0,30.0,0.00,0,0,0
2017-01-23,30.0,0.0,0.0,30.0,0.00,0,0,0
2017-01-20,30.0,0.0,0.0,30.0,0.00,0,0,0
2017-01-18,30.0,0.0,0.0,30.0,0.00,0,0,0
2017-01-17,30.0,0.0,0.0,30.0,0.00,0,0,0
2017-01-16,30.0,0.0,0.0,30.0,0.00,0,0,0
2017-01-13,30.0,0.0,0.0,30.0,0.00,0,0,0
2017-01-12,30.0,0.0,0.0,30.0,0.00,0,0,0
2017-01-11,30.0,0.0,0.0,30.0,0.00,0,0,0
2017-01-10,30.0,0.0,0.0,30.0,0.00,0,0,0
2017-01-09,30.0,0.0,0.0,30.0,0.00,0,0,0
2017-01-05,30.0,0.0,0.0,30.0,0.00,0,0,0
2017-01-04,30.0,0.0,0.0,30.0,0.00,0,0,0
2017-01-03,30.0,0.0,0.0,30.0,0.00,0,0,0
2016-12-29,30.0,0.0,0.0,30.0,0.00,0,0,0
2016-12-28,30.0,30.0,30.0,30.0,0.00,"4,899","146,970","146,970"
2016-12-27,30.0,0.0,0.0,30.0,0.00,0,0,0
2016-12-26,30.0,0.0,0.0,30.0,0.00,0,0,0
2016-12-23,30.0,0.0,0.0,30.0,0.00,0,0,0
2016-12-22,30.0,0.0,0.0,30.0,0.00,0,0,0
2016-12-21,30.0,0.0,0.0,30.0,0.00,0,0,0
2016-12-20,30.0,0.0,0.0,30.0,0.00,0,0,0
2016-12-19,30.0,0.0,0.0,30.0,0.00,0,0,0
2016-12-16,30.0,0.0,0.0,30.0,0.00,0,0,0
2016-12-15,30.0,0.0,0.0,30.0,0.00,0,0,0
2016-12-14,30.0,0.0,0.0,30.0,0.00,0,0,0
2016-12-13,30.0,0.0,0.0,30.0,0.00,0,0,0
2016-12-12,30.0,0.0,0.0,30.0,0.00,0,0,0
2016-12-09,30.0,0.0,0.0,30.0,0.00,0,0,0
2016-12-07,30.0,0.0,0.0,30.0,0.00,0,0,0
2016-12-06,30.0,0.0,0.0,30.0,0.00,0,0,0
2016-12-05,30.0,0.0,0.0,30.0,0.00,0,0,0
2016-12-02,30.0,0.0,0.0,30.0,0.00,0,0,0
2016-12-01,30.0,0.0,0.0,30.0,0.00,0,0,0
2016-11-29,30.0,0.0,0.0,30.0,0.00,0,0,0
2016-11-28,30.0,0.0,0.0,30.0,0.00,0,0,0
2016-11-25,30.0,0.0,0.0,30.0,0.00,0,0,0
2016-11-24,30.0,0.0,0.0,30.0,0.00,0,0,0
2016-11-23,30.0,0.0,0.0,30.0,0.00,0,0,0
2016-11-22,30.0,0.0,0.0,30.0,0.00,0,0,0
2016-11-21,30.0,0.0,0.0,30.0,0.00,0,0,0
2016-11-18,30.0,30.0,30.0,30.0,0.00,15,450,450
2016-11-17,30.0,0.0,0.0,30.0,0.00,0,0,0
2016-11-16,30.0,0.0,0.0,30.0,0.00,0,0,0
2016-11-15,30.0,0.0,0.0,30.0,0.00,0,0,0
2016-11-14,30.0,0.0,0.0,30.0,0.00,0,0,0
2016-11-11,30.0,0.0,0.0,30.0,0.00,0,0,0
2016-11-10,30.0,0.0,0.0,30.0,0.00,0,0,0
2016-11-09,30.0,0.0,0.0,30.0,0.00,0,0,0
2016-11-08,30.0,0.0,0.0,30.0,0.00,0,0,0
2016-11-07,30.0,0.0,0.0,30.0,0.00,0,0,0
2016-11-04,30.0,0.0,0.0,30.0,0.00,0,0,0
2016-11-03,30.0,0.0,0.0,30.0,0.00,0,0,0
2016-11-02,30.0,0.0,0.0,30.0,0.00,0,0,0
2016-11-01,30.0,0.0,0.0,30.0,0.00,0,0,0
2016-10-31,30.0,0.0,0.0,30.0,0.00,0,0,0
2016-10-28,30.0,0.0,0.0,30.0,0.00,0,0,0
2016-10-27,30.0,0.0,0.0,30.0,0.00,0,0,0
2016-10-26,30.0,0.0,0.0,30.0,0.00,0,0,0
2016-10-25,30.0,0.0,0.0,30.0,0.00,0,0,0
2016-10-21,30.0,0.0,0.0,30.0,0.00,0,0,0
2016-10-20,30.0,0.0,0.0,30.0,0.00,0,0,0
2016-10-19,30.0,0.0,0.0,30.0,0.00,0,0,0
2016-10-18,30.0,0.0,0.0,30.0,0.00,0,0,0
2016-10-17,30.0,0.0,0.0,30.0,0.00,0,0,0
2016-10-14,30.0,0.0,0.0,30.0,0.00,0,0,0
2016-10-13,30.0,0.0,0.0,30.0,0.00,0,0,0
2016-10-12,30.0,0.0,0.0,30.0,0.00,0,0,0
2016-10-10,30.0,0.0,0.0,30.0,0.00,0,0,0
2016-10-07,30.0,0.0,0.0,30.0,0.00,0,0,0
2016-10-06,30.0,0.0,0.0,30.0,0.00,0,0,0
2016-10-05,30.0,0.0,0.0,30.0,0.00,0,0,0
2016-10-04,30.0,0.0,0.0,30.0,0.00,0,0,0
2016-10-03,30.0,0.0,0.0,30.0,0.00,0,0,0
2016-09-30,30.0,0.0,0.0,30.0,0.00,0,0,0
2016-09-29,30.0,0.0,0.0,30.0,0.00,0,0,0
2016-09-28,30.0,0.0,0.0,30.0,0.00,0,0,0
2016-09-27,30.0,0.0,0.0,30.0,0.00,0,0,0
2016-09-26,30.0,0.0,0.0,30.0,0.00,0,0,0
2016-09-23,30.0,0.0,0.0,30.0,0.00,0,0,0
2016-09-22,30.0,0.0,0.0,30.0,0.00,0,0,0
2016-09-21,30.0,0.0,0.0,30.0,0.00,0,0,0
2016-09-20,30.0,0.0,0.0,30.0,0.00,0,0,0
2016-09-19,30.0,0.0,0.0,30.0,0.00,0,0,0
2016-09-16,30.0,0.0,0.0,30.0,0.00,0,0,0
2016-09-15,30.0,0.0,0.0,30.0,0.00,0,0,0
2016-09-14,30.0,0.0,0.0,30.0,0.00,0,0,0
2016-09-13,30.0,0.0,0.0,30.0,0.00,0,0,0
2016-09-12,30.0,0.0,0.0,30.0,0.00,0,0,0
2016-09-09,30.0,0.0,0.0,30.0,0.00,0,0,0
2016-09-07,30.0,0.0,0.0,30.0,0.00,0,0,0
2016-09-06,30.0,0.0,0.0,30.0,0.00,0,0,0
2016-09-05,30.0,0.0,0.0,30.0,0.00,0,0,0
2016-09-02,30.0,0.0,0.0,30.0,0.00,0,0,0
2016-09-01,30.0,0.0,0.0,30.0,0.00,0,0,0
2016-08-31,30.0,0.0,0.0,30.0,0.00,0,0,0
2016-08-30,30.0,0.0,0.0,30.0,0.00,0,0,0
2016-08-29,30.0,0.0,0.0,30.0,0.00,0,0,0
2016-08-26,30.0,0.0,0.0,30.0,0.00,0,0,0
2016-08-25,30.0,0.0,0.0,30.0,0.00,0,0,0
2016-08-24,30.0,0.0,0.0,30.0,0.00,0,0,0
2016-08-23,30.0,0.0,0.0,30.0,0.00,0,0,0
2016-08-22,30.0,0.0,0.0,30.0,0.00,0,0,0
2016-08-19,30.0,0.0,0.0,30.0,0.00,0,0,0
2016-08-18,30.0,0.0,0.0,30.0,0.00,0,0,0
2016-08-17,30.0,0.0,0.0,30.0,0.00,0,0,0
2016-08-16,30.0,0.0,0.0,30.0,0.00,0,0,0
2016-08-15,30.0,0.0,0.0,30.0,0.00,0,0,0
2016-08-12,30.0,0.0,0.0,30.0,0.00,0,0,0
2016-08-11,30.0,0.0,0.0,30.0,0.00,0,0,0
2016-08-10,30.0,0.0,0.0,30.0,0.00,0,0,0
2016-08-09,30.0,0.0,0.0,30.0,0.00,0,0,0
2016-08-08,30.0,0.0,0.0,30.0,0.00,0,0,0
2016-08-05,30.0,0.0,0.0,30.0,0.00,0,0,0
2016-08-04,30.0,0.0,0.0,30.0,0.00,0,0,0
2016-08-03,30.0,0.0,0.0,30.0,0.00,0,0,0
2016-08-01,30.0,0.0,0.0,30.0,0.00,0,0,0
2016-07-29,30.0,0.0,0.0,30.0,0.00,0,0,0
2016-07-28,30.0,0.0,0.0,30.0,0.00,0,0,0
2016-07-27,30.0,0.0,0.0,30.0,0.00,0,0,0
2016-07-26,30.0,0.0,0.0,30.0,0.00,0,0,0
2016-07-25,30.0,0.0,0.0,30.0,0.00,0,0,0
2016-07-22,30.0,0.0,0.0,30.0,0.00,0,0,0
2016-07-21,30.0,0.0,0.0,30.0,0.00,0,0,0
2016-07-20,30.0,0.0,0.0,30.0,0.00,0,0,0
2016-07-19,30.0,0.0,0.0,30.0,0.00,0,0,0
2016-07-18,30.0,0.0,0.0,30.0,0.00,0,0,0
2016-07-15,30.0,0.0,0.0,30.0,0.00,0,0,0
2016-07-14,30.0,0.0,0.0,30.0,0.00,0,0,0
2016-07-13,30.0,0.0,0.0,30.0,0.00,0,0,0
2016-07-12,30.0,0.0,0.0,30.0,0.00,0,0,0
2016-07-11,30.0,0.0,0.0,30.0,0.00,0,0,0
2016-07-08,30.0,0.0,0.0,30.0,0.00,0,0,0
2016-07-07,30.0,0.0,0.0,30.0,0.00,0,0,0
2016-07-06,30.0,0.0,0.0,30.0,0.00,0,0,0
2016-07-04,30.0,0.0,0.0,30.0,0.00,0,0,0
2016-07-01,30.0,0.0,0.0,30.0,0.00,0,0,0
2016-06-30,30.0,0.0,0.0,30.0,0.00,0,0,0
2016-06-29,30.0,0.0,0.0,30.0,0.00,0,0,0
2016-06-28,30.0,0.0,0.0,30.0,0.00,0,0,0
2016-06-27,30.0,0.0,0.0,30.0,0.00,0,0,0
2016-06-24,30.0,0.0,0.0,30.0,0.00,0,0,0
2016-06-23,30.0,0.0,0.0,30.0,0.00,0,0,0
2016-06-22,30.0,0.0,0.0,30.0,0.00,0,0,0
2016-06-21,30.0,0.0,0.0,30.0,0.00,0,0,0
2016-06-20,30.0,0.0,0.0,30.0,0.00,0,0,0
2016-06-16,30.0,0.0,0.0,30.0,0.00,0,0,0
2016-06-15,30.0,0.0,0.0,30.0,0.00,0,0,0
2016-06-14,30.0,0.0,0.0,30.0,0.00,0,0,0
2016-06-13,30.0,0.0,0.0,30.0,0.00,0,0,0
2016-06-10,30.0,0.0,0.0,30.0,0.00,0,0,0
2016-06-09,30.0,0.0,0.0,30.0,0.00,0,0,0
2016-06-08,30.0,0.0,0.0,30.0,0.00,0,0,0
2016-06-07,30.0,0.0,0.0,30.0,0.00,0,0,0
2016-06-06,30.0,0.0,0.0,30.0,0.00,0,0,0
2016-06-03,30.0,0.0,0.0,30.0,0.00,0,0,0
2016-06-02,30.0,0.0,0.0,30.0,0.00,0,0,0
2016-06-01,30.0,0.0,0.0,30.0,0.00,0,0,0
2016-05-31,30.0,0.0,0.0,30.0,0.00,0,0,0
2016-05-30,30.0,0.0,0.0,30.0,0.00,0,0,0
2016-05-27,30.0,0.0,0.0,30.0,0.00,0,0,0
2016-05-26,30.0,0.0,0.0,30.0,0.00,0,0,0
2016-05-25,30.0,0.0,0.0,30.0,0.00,0,0,0
2016-05-23,30.0,0.0,0.0,30.0,0.00,0,0,0
2016-05-20,30.0,0.0,0.0,30.0,0.00,0,0,0
2016-05-19,30.0,0.0,0.0,30.0,0.00,0,0,0
2016-05-18,30.0,0.0,0.0,30.0,0.00,0,0,0
2016-05-17,30.0,0.0,0.0,30.0,0.00,0,0,0
2016-05-16,30.0,0.0,0.0,30.0,0.00,0,0,0
2016-05-13,30.0,0.0,0.0,30.0,0.00,0,0,0
2016-05-12,30.0,0.0,0.0,30.0,0.00,0,0,0
2016-05-11,30.0,0.0,0.0,30.0,0.00,0,0,0
2016-05-10,30.0,0.0,0.0,30.0,0.00,0,0,0
2016-05-09,30.0,0.0,0.0,30.0,0.00,0,0,0
2016-05-06,30.0,0.0,0.0,30.0,0.00,0,0,0
2016-05-05,30.0,0.0,0.0,30.0,0.00,0,0,0
2016-05-04,30.0,0.0,0.0,30.0,0.00,0,0,0
2016-05-03,30.0,0.0,0.0,30.0,0.00,0,0,0
2016-04-28,30.0,0.0,0.0,30.0,0.00,0,0,0
2016-04-27,30.0,0.0,0.0,30.0,0.00,0,0,0
2016-04-26,30.0,0.0,0.0,30.0,0.00,0,0,0
2016-04-25,30.0,0.0,0.0,30.0,0.00,0,0,0
2016-04-22,30.0,0.0,0.0,30.0,0.00,0,0,0
2016-04-21,30.0,0.0,0.0,30.0,0.00,0,0,0
2016-04-20,30.0,0.0,0.0,30.0,0.00,0,0,0
2016-04-19,30.0,0.0,0.0,30.0,0.00,0,0,0
2016-04-18,30.0,0.0,0.0,30.0,0.00,0,0,0
2016-04-15,30.0,0.0,0.0,30.0,0.00,0,0,0
2016-04-14,30.0,0.0,0.0,30.0,0.00,0,0,0
2016-04-13,30.0,0.0,0.0,30.0,0.00,0,0,0
2016-04-12,30.0,0.0,0.0,30.0,0.00,0,0,0
2016-04-11,30.0,0.0,0.0,30.0,0.00,0,0,0
2016-04-08,30.0,0.0,0.0,30.0,0.00,0,0,0
2016-04-07,30.0,0.0,0.0,30.0,0.00,0,0,0
2016-04-06,30.0,0.0,0.0,30.0,0.00,0,0,0
2016-04-05,30.0,0.0,0.0,30.0,0.00,0,0,0
2016-04-04,30.0,0.0,0.0,30.0,0.00,0,0,0
2016-04-01,30.0,0.0,0.0,30.0,0.00,0,0,0
2016-03-31,30.0,0.0,0.0,30.0,0.00,0,0,0
2016-03-30,30.0,0.0,0.0,30.0,0.00,0,0,0
2016-03-29,30.0,0.0,0.0,30.0,0.00,0,0,0
2016-03-28,30.0,30.0,30.0,30.0,0.00,"1,922","57,660","57,660"
2016-03-25,30.0,0.0,0.0,30.0,0.00,0,0,0
2016-03-24,30.0,0.0,0.0,30.0,0.00,0,0,0
2016-03-23,30.0,0.0,0.0,30.0,0.00,0,0,0
2016-03-22,30.0,30.0,30.0,30.0,0.00,24,720,720
2016-03-21,30.0,0.0,0.0,30.0,0.00,0,0,0
2016-03-18,30.0,0.0,0.0,30.0,0.00,0,0,0
2016-03-17,30.0,0.0,0.0,30.0,0.00,0,0,0
2016-03-16,30.0,0.0,0.0,30.0,0.00,0,0,0
2016-03-15,30.0,0.0,0.0,30.0,0.00,0,0,0
2016-03-14,30.0,0.0,0.0,30.0,0.00,0,0,0
2016-03-11,30.0,0.0,0.0,30.0,0.00,0,0,0
2016-03-10,30.0,0.0,0.0,30.0,0.00,0,0,0
2016-03-09,30.0,0.0,0.0,30.0,0.00,0,0,0
2016-03-08,30.0,0.0,0.0,30.0,0.00,0,0,0
2016-03-07,30.0,0.0,0.0,30.0,0.00,0,0,0
2016-03-04,30.0,30.0,30.0,30.0,0.00,26,780,780
2016-03-03,30.0,0.0,0.0,30.0,0.00,0,0,0
2016-03-02,30.0,0.0,0.0,30.0,0.00,0,0,0
2016-03-01,30.0,0.0,0.0,30.0,0.00,0,0,0
2016-02-29,30.0,0.0,0.0,30.0,0.00,0,0,0
2016-02-26,30.0,0.0,0.0,30.0,0.00,0,0,0
2016-02-25,30.0,0.0,0.0,30.0,0.00,0,0,0
2016-02-24,30.0,0.0,0.0,30.0,0.00,0,0,0
2016-02-23,30.0,0.0,0.0,30.0,0.00,0,0,0
2016-02-22,30.0,0.0,0.0,30.0,0.00,0,0,0
2016-02-19,30.0,0.0,0.0,30.0,0.00,0,0,0
2016-02-18,30.0,0.0,0.0,30.0,0.00,0,0,0
2016-02-17,30.0,0.0,0.0,30.0,0.00,0,0,0
2016-02-16,30.0,0.0,0.0,30.0,0.00,0,0,0
2016-02-15,30.0,0.0,0.0,30.0,0.00,0,0,0
2016-02-12,30.0,0.0,0.0,30.0,0.00,0,0,0
2016-02-11,30.0,0.0,0.0,30.0,0.00,0,0,0
2016-02-10,30.0,0.0,0.0,30.0,0.00,0,0,0
2016-02-09,30.0,0.0,0.0,30.0,0.00,0,0,0
2016-02-08,30.0,0.0,0.0,30.0,0.00,0,0,0
2016-02-05,30.0,0.0,0.0,30.0,0.00,0,0,0
2016-02-04,30.0,0.0,0.0,30.0,0.00,0,0,0
2016-02-03,30.0,0.0,0.0,30.0,0.00,0,0,0
2016-02-02,30.0,0.0,0.0,30.0,0.00,0,0,0
2016-02-01,30.0,0.0,0.0,30.0,0.00,0,0,0
2016-01-29,30.0,0.0,0.0,30.0,0.00,0,0,0
2016-01-28,30.0,0.0,0.0,30.0,0.00,0,0,0
2016-01-27,30.0,0.0,0.0,30.0,0.00,0,0,0
2016-01-26,30.0,0.0,0.0,30.0,0.00,0,0,0
2016-01-25,30.0,0.0,0.0,30.0,0.00,0,0,0
2016-01-22,30.0,0.0,0.0,30.0,0.00,0,0,0
2016-01-21,30.0,0.0,0.0,30.0,0.00,0,0,0
2016-01-20,30.0,0.0,0.0,30.0,0.00,0,0,0
2016-01-18,30.0,0.0,0.0,30.0,0.00,0,0,0
2016-01-15,30.0,0.0,0.0,30.0,0.00,0,0,0
2016-01-14,30.0,0.0,0.0,30.0,0.00,0,0,0
2016-01-13,30.0,0.0,0.0,30.0,0.00,0,0,0
2016-01-12,30.0,0.0,0.0,30.0,0.00,0,0,0
2016-01-11,30.0,0.0,0.0,30.0,0.00,0,0,0
2016-01-08,30.0,0.0,0.0,30.0,0.00,0,0,0
2016-01-05,30.0,0.0,0.0,30.0,0.00,0,0,0
2016-01-04,30.0,0.0,0.0,30.0,0.00,0,0,0
2015-12-30,30.0,0.0,0.0,30.0,0.00,0,0,0
2015-12-29,30.0,0.0,0.0,30.0,0.00,0,0,0
2015-12-28,30.0,30.0,30.0,30.0,0.00,24,720,720
2015-12-25,30.0,0.0,0.0,30.0,0.00,0,0,0
2015-12-24,30.0,0.0,0.0,30.0,0.00,0,0,0
2015-12-23,30.0,0.0,0.0,30.0,0.00,0,0,0
2015-12-22,30.0,0.0,0.0,30.0,0.00,0,0,0
2015-12-21,30.0,0.0,0.0,30.0,0.00,0,0,0
2015-12-18,30.0,0.0,0.0,30.0,0.00,0,0,0
2015-12-17,30.0,0.0,0.0,30.0,0.00,0,0,0
2015-12-16,30.0,0.0,0.0,30.0,0.00,0,0,0
2015-12-15,30.0,0.0,0.0,30.0,0.00,0,0,0
2015-12-14,30.0,0.0,0.0,30.0,0.00,0,0,0
2015-12-11,30.0,0.0,0.0,30.0,0.00,0,0,0
2015-12-10,30.0,0.0,0.0,30.0,0.00,0,0,0
2015-12-09,30.0,0.0,0.0,30.0,0.00,0,0,0
2015-12-07,30.0,0.0,0.0,30.0,0.00,0,0,0
2015-12-04,30.0,0.0,0.0,30.0,0.00,0,0,0
2015-12-03,30.0,0.0,0.0,30.0,0.00,0,0,0
2015-12-01,30.0,0.0,0.0,30.0,0.00,0,0,0
2015-11-30,30.0,0.0,0.0,30.0,0.00,0,0,0
2015-11-27,30.0,0.0,0.0,30.0,0.00,0,0,0
2015-11-26,30.0,0.0,0.0,30.0,0.00,0,0,0
2015-11-25,30.0,0.0,0.0,30.0,0.00,0,0,0
2015-11-24,30.0,0.0,0.0,30.0,0.00,0,0,0
2015-11-23,30.0,30.0,30.0,30.0,0.00,13,390,390
2015-11-20,30.0,0.0,0.0,30.0,0.00,0,0,0
2015-11-19,30.0,0.0,0.0,30.0,0.00,0,0,0
2015-11-18,30.0,0.0,0.0,30.0,0.00,0,0,0
2015-11-17,30.0,0.0,0.0,30.0,0.00,0,0,0
2015-11-16,30.0,0.0,0.0,30.0,0.00,0,0,0
2015-11-13,30.0,0.0,0.0,30.0,0.00,0,0,0
2015-11-12,30.0,0.0,0.0,30.0,0.00,0,0,0
2015-11-11,30.0,0.0,0.0,30.0,0.00,0,0,0
2015-11-10,30.0,0.0,0.0,30.0,0.00,0,0,0
2015-11-09,30.0,0.0,0.0,30.0,0.00,0,0,0
2015-11-06,30.0,0.0,0.0,30.0,0.00,0,0,0
2015-11-05,30.0,0.0,0.0,30.0,0.00,0,0,0
2015-11-04,30.0,0.0,0.0,30.0,0.00,0,0,0
2015-11-03,30.0,0.0,0.0,30.0,0.00,0,0,0
2015-11-02,30.0,0.0,0.0,30.0,0.00,0,0,0
2015-10-30,30.0,0.0,0.0,30.0,0.00,0,0,0
2015-10-29,30.0,0.0,0.0,30.0,0.00,0,0,0
2015-10-28,30.0,0.0,0.0,30.0,0.00,0,0,0
2015-10-27,30.0,0.0,0.0,30.0,0.00,0,0,0
2015-10-26,30.0,0.0,0.0,30.0,0.00,0,0,0
2015-10-22,30.0,0.0,0.0,30.0,0.00,0,0,0
2015-10-21,30.0,0.0,0.0,30.0,0.00,0,0,0
2015-10-20,30.0,0.0,0.0,30.0,0.00,0,0,0
2015-10-19,30.0,0.0,0.0,30.0,0.00,0,0,0
2015-10-16,30.0,0.0,0.0,30.0,0.00,0,0,0
2015-10-15,30.0,0.0,0.0,30.0,0.00,0,0,0
2015-10-14,30.0,0.0,0.0,30.0,0.00,0,0,0
2015-10-13,30.0,0.0,0.0,30.0,0.00,0,0,0
2015-10-09,30.0,0.0,0.0,30.0,0.00,0,0,0
2015-10-08,30.0,0.0,0.0,30.0,0.00,0,0,0
2015-10-07,30.0,0.0,0.0,30.0,0.00,0,0,0
2015-10-06,30.0,0.0,0.0,30.0,0.00,0,0,0
2015-10-05,30.0,0.0,0.0,30.0,0.00,0,0,0
2015-10-02,30.0,0.0,0.0,30.0,0.00,0,0,0
2015-10-01,30.0,0.0,0.0,30.0,0.00,0,0,0
2015-09-30,30.0,0.0,0.0,30.0,0.00,0,0,0
2015-09-29,30.0,0.0,0.0,30.0,0.00,0,0,0
2015-09-28,30.0,0.0,0.0,30.0,0.00,0,0,0
2015-09-25,30.0,0.0,0.0,30.0,0.00,0,0,0
2015-09-24,30.0,0.0,0.0,30.0,0.00,0,0,0
2015-09-23,30.0,0.0,0.0,30.0,0.00,0,0,0
2015-09-22,30.0,0.0,0.0,30.0,0.00,0,0,0
2015-09-21,30.0,0.0,0.0,30.0,0.00,0,0,0
2015-09-18,30.0,0.0,0.0,30.0,0.00,0,0,0
2015-09-17,30.0,0.0,0.0,30.0,0.00,0,0,0
2015-09-16,30.0,0.0,0.0,30.0,0.00,0,0,0
2015-09-15,30.0,0.0,0.0,30.0,0.00,0,0,0
2015-09-14,30.0,0.0,0.0,30.0,0.00,0,0,0
2015-09-11,30.0,0.0,0.0,30.0,0.00,0,0,0
2015-09-10,30.0,0.0,0.0,30.0,0.00,0,0,0
2015-09-09,30.0,0.0,0.0,30.0,0.00,0,0,0
2015-09-07,30.0,0.0,0.0,30.0,0.00,0,0,0
2015-09-04,30.0,0.0,0.0,30.0,0.00,0,0,0
2015-09-03,30.0,0.0,0.0,30.0,0.00,0,0,0
2015-09-02,30.0,0.0,0.0,30.0,0.00,0,0,0
2015-09-01,30.0,0.0,0.0,30.0,0.00,0,0,0
2015-08-31,30.0,0.0,0.0,30.0,0.00,0,0,0
2015-08-27,30.0,0.0,0.0,30.0,0.00,0,0,0
2015-08-26,30.0,0.0,0.0,30.0,0.00,0,0,0
2015-08-25,30.0,0.0,0.0,30.0,0.00,0,0,0
2015-08-24,30.0,0.0,0.0,30.0,0.00,0,0,0
2015-08-21,30.0,0.0,0.0,30.0,0.00,0,0,0
2015-08-20,30.0,0.0,0.0,30.0,0.00,0,0,0
2015-08-19,30.0,0.0,0.0,30.0,0.00,0,0,0
2015-08-18,30.0,0.0,0.0,30.0,0.00,0,0,0
2015-08-17,30.0,0.0,0.0,30.0,0.00,0,0,0
2015-08-14,30.0,0.0,0.0,30.0,0.00,0,0,0
2015-08-13,30.0,0.0,0.0,30.0,0.00,0,0,0
2015-08-12,30.0,0.0,0.0,30.0,0.00,0,0,0
2015-08-11,30.0,0.0,0.0,30.0,0.00,0,0,0
2015-08-10,30.0,0.0,0.0,30.0,0.00,0,0,0
2015-08-07,30.0,0.0,0.0,30.0,0.00,0,0,0
2015-08-06,30.0,0.0,0.0,30.0,0.00,0,0,0
2015-08-05,30.0,0.0,0.0,30.0,0.00,0,0,0
2015-08-04,30.0,0.0,0.0,30.0,0.00,0,0,0
2015-07-31,30.0,0.0,0.0,30.0,0.00,0,0,0
2015-07-30,30.0,0.0,0.0,30.0,0.00,0,0,0
2015-07-29,30.0,0.0,0.0,30.0,0.00,0,0,0
2015-07-28,30.0,0.0,0.0,30.0,0.00,0,0,0
2015-07-27,30.0,0.0,0.0,30.0,0.00,0,0,0
2015-07-24,30.0,0.0,0.0,30.0,0.00,0,0,0
2015-07-23,30.0,0.0,0.0,30.0,0.00,0,0,0
2015-07-22,30.0,0.0,0.0,30.0,0.00,0,0,0
2015-07-21,30.0,0.0,0.0,30.0,0.00,0,0,0
2015-07-20,30.0,0.0,0.0,30.0,0.00,0,0,0
2015-07-16,30.0,0.0,0.0,30.0,0.00,0,0,0
2015-07-15,30.0,0.0,0.0,30.0,0.00,0,0,0
2015-07-14,30.0,0.0,0.0,30.0,0.00,0,0,0
2015-07-13,30.0,0.0,0.0,30.0,0.00,0,0,0
2015-07-10,30.0,0.0,0.0,30.0,0.00,0,0,0
2015-07-09,30.0,0.0,0.0,30.0,0.00,0,0,0
2015-07-08,30.0,0.0,0.0,30.0,0.00,0,0,0
2015-07-07,30.0,0.0,0.0,30.0,0.00,0,0,0
2015-07-06,30.0,0.0,0.0,30.0,0.00,0,0,0
2015-07-03,30.0,0.0,0.0,30.0,0.00,0,0,0
2015-07-02,30.0,0.0,0.0,30.0,0.00,0,0,0
2015-07-01,30.0,0.0,0.0,30.0,0.00,0,0,0
2015-06-30,30.0,0.0,0.0,30.0,0.00,0,0,0
2015-06-29,30.0,0.0,0.0,30.0,0.00,0,0,0
2015-06-26,30.0,0.0,0.0,30.0,0.00,0,0,0
2015-06-25,30.0,0.0,0.0,30.0,0.00,0,0,0
2015-06-24,30.0,30.0,30.0,30.0,0.00,18,540,540
2015-06-23,30.0,0.0,0.0,30.0,0.00,0,0,0
2015-06-22,30.0,0.0,0.0,30.0,0.00,0,0,0
2015-06-19,30.0,0.0,0.0,30.0,0.00,0,0,0
2015-06-18,30.0,0.0,0.0,30.0,0.00,0,0,0
2015-06-17,30.0,0.0,0.0,30.0,0.00,0,0,0
2015-06-16,30.0,0.0,0.0,30.0,0.00,0,0,0
2015-06-15,30.0,0.0,0.0,30.0,0.00,0,0,0
2015-06-12,30.0,0.0,0.0,30.0,0.00,0,0,0
2015-06-11,30.0,0.0,0.0,30.0,0.00,0,0,0
2015-06-10,30.0,0.0,0.0,30.0,0.00,0,0,0
2015-06-09,30.0,0.0,0.0,30.0,0.00,0,0,0
2015-06-08,30.0,0.0,0.0,30.0,0.00,0,0,0
2015-06-05,30.0,0.0,0.0,30.0,0.00,0,0,0
2015-06-04,30.0,0.0,0.0,30.0,0.00,0,0,0
2015-06-03,30.0,0.0,0.0,30.0,0.00,0,0,0
2015-06-02,30.0,0.0,0.0,30.0,0.00,0,0,0
2015-06-01,30.0,0.0,0.0,30.0,0.00,0,0,0
2015-05-28,30.0,0.0,0.0,30.0,0.00,0,0,0
2015-05-27,30.0,0.0,0.0,30.0,0.00,0,0,0
2015-05-26,30.0,0.0,0.0,30.0,0.00,0,0,0
2015-05-22,30.0,0.0,0.0,30.0,0.00,0,0,0
2015-05-21,30.0,30.0,30.0,30.0,0.00,"1,247","37,410","37,410"
2015-05-20,30.0,0.0,0.0,30.0,0.00,0,0,0
2015-05-19,30.0,0.0,0.0,30.0,0.00,0,0,0
2015-05-18,30.0,0.0,0.0,30.0,0.00,0,0,0
2015-05-15,30.0,0.0,0.0,30.0,0.00,0,0,0
2015-05-14,30.0,0.0,0.0,30.0,0.00,0,0,0
2015-05-13,30.0,0.0,0.0,30.0,0.00,0,0,0
2015-05-12,30.0,0.0,0.0,30.0,0.00,0,0,0
2015-05-11,30.0,0.0,0.0,30.0,0.00,0,0,0
2015-05-08,30.0,0.0,0.0,30.0,0.00,0,0,0
2015-05-07,30.0,0.0,0.0,30.0,0.00,0,0,0
2015-05-06,30.0,0.0,0.0,30.0,0.00,0,0,0
2015-05-05,30.0,0.0,0.0,30.0,0.00,0,0,0
2015-05-04,30.0,0.0,0.0,30.0,0.00,0,0,0
2015-04-30,30.0,0.0,0.0,30.0,0.00,0,0,0
2015-04-29,30.0,0.0,0.0,30.0,0.00,0,0,0
2015-04-28,30.0,0.0,0.0,30.0,0.00,0,0,0
2015-04-27,30.0,0.0,0.0,30.0,0.00,0,0,0
2015-04-24,30.0,0.0,0.0,30.0,0.00,0,0,0
2015-04-23,30.0,0.0,0.0,30.0,0.00,0,0,0
2015-04-22,30.0,0.0,0.0,30.0,0.00,0,0,0
2015-04-21,30.0,0.0,0.0,30.0,0.00,0,0,0
2015-04-20,30.0,0.0,0.0,30.0,0.00,0,0,0
2015-04-17,30.0,0.0,0.0,30.0,0.00,0,0,0
2015-04-16,30.0,0.0,0.0,30.0,0.00,0,0,0
2015-04-15,30.0,30.0,30.0,30.0,0.00,23,690,690
2015-04-14,30.0,0.0,0.0,30.0,0.00,0,0,0
2015-04-09,30.0,0.0,0.0,30.0,0.00,0,0,0
2015-04-08,30.0,0.0,0.0,30.0,0.00,0,0,0
2015-04-07,30.0,0.0,0.0,30.0,0.00,0,0,0
2015-04-06,30.0,0.0,0.0,30.0,0.00,0,0,0
2015-04-03,30.0,0.0,0.0,30.0,0.00,0,0,0
2015-04-02,30.0,0.0,0.0,30.0,0.00,0,0,0
2015-04-01,30.0,0.0,0.0,30.0,0.00,0,0,0
2015-03-31,30.0,0.0,0.0,30.0,0.00,0,0,0
2015-03-30,30.0,0.0,0.0,30.0,0.00,0,0,0
2015-03-27,30.0,0.0,0.0,30.0,0.00,0,0,0
2015-03-26,30.0,0.0,0.0,30.0,0.00,0,0,0
2015-03-25,30.0,0.0,0.0,30.0,0.00,0,0,0
2015-03-24,30.0,0.0,0.0,30.0,0.00,0,0,0
2015-03-23,30.0,0.0,0.0,30.0,0.00,0,0,0
2015-03-20,30.0,0.0,0.0,30.0,0.00,0,0,0
2015-03-19,30.0,0.0,0.0,30.0,0.00,0,0,0
2015-03-18,30.0,0.0,0.0,30.0,0.00,0,0,0
2015-03-17,30.0,0.0,0.0,30.0,0.00,0,0,0
2015-03-16,30.0,0.0,0.0,30.0,0.00,0,0,0
2015-03-13,30.0,0.0,0.0,30.0,0.00,0,0,0
2015-03-12,30.0,0.0,0.0,30.0,0.00,0,0,0
2015-03-11,30.0,0.0,0.0,30.0,0.00,0,0,0
2015-03-10,30.0,0.0,0.0,30.0,0.00,0,0,0
2015-03-09,30.0,0.0,0.0,30.0,0.00,0,0,0
2015-03-06,30.0,0.0,0.0,30.0,0.00,0,0,0
2015-03-05,30.0,0.0,0.0,30.0,0.00,0,0,0
2015-03-04,30.0,0.0,0.0,30.0,0.00,0,0,0
2015-03-03,30.0,0.0,0.0,30.0,0.00,0,0,0
2015-03-02,30.0,0.0,0.0,30.0,0.00,0,0,0
2015-02-27,30.0,0.0,0.0,30.0,0.00,0,0,0
2015-02-26,30.0,0.0,0.0,30.0,0.00,0,0,0
2015-02-25,30.0,0.0,0.0,30.0,0.00,0,0,0
2015-02-24,30.0,0.0,0.0,30.0,0.00,0,0,0
2015-02-23,30.0,0.0,0.0,30.0,0.00,0,0,0
2015-02-20,30.0,0.0,0.0,30.0,0.00,0,0,0
2015-02-19,30.0,0.0,0.0,30.0,0.00,0,0,0
2015-02-18,30.0,0.0,0.0,30.0,0.00,0,0,0
2015-02-17,30.0,0.0,0.0,30.0,0.00,0,0,0
2015-02-16,30.0,0.0,0.0,30.0,0.00,0,0,0
2015-02-13,30.0,0.0,0.0,30.0,0.00,0,0,0
2015-02-12,30.0,30.0,30.0,30.0,0.00,30,900,900
2015-02-11,30.0,0.0,0.0,30.0,0.00,0,0,0
2015-02-10,30.0,0.0,0.0,30.0,0.00,0,0,0
2015-02-09,30.0,0.0,0.0,30.0,0.00,0,0,0
2015-02-06,30.0,0.0,0.0,30.0,0.00,0,0,0
2015-02-05,30.0,0.0,0.0,30.0,0.00,0,0,0
2015-02-04,30.0,0.0,0.0,30.0,0.00,0,0,0
2015-02-03,30.0,0.0,0.0,30.0,0.00,0,0,0
2015-02-02,30.0,0.0,0.0,30.0,0.00,0,0,0
2015-01-30,30.0,0.0,0.0,30.0,0.00,0,0,0
2015-01-29,30.0,0.0,0.0,30.0,0.00,0,0,0
2015-01-28,30.0,0.0,0.0,30.0,0.00,0,0,0
2015-01-27,30.0,0.0,0.0,30.0,0.00,0,0,0
2015-01-26,30.0,0.0,0.0,30.0,0.00,0,0,0
2015-01-23,30.0,0.0,0.0,30.0,0.00,0,0,0
2015-01-22,30.0,0.0,0.0,30.0,0.00,0,0,0
2015-01-21,30.0,0.0,0.0,30.0,0.00,0,0,0
2015-01-20,30.0,0.0,0.0,30.0,0.00,0,0,0
2015-01-16,30.0,0.0,0.0,30.0,0.00,0,0,0
2015-01-15,30.0,0.0,0.0,30.0,0.00,0,0,0
2015-01-14,30.0,0.0,0.0,30.0,0.00,0,0,0
2015-01-13,30.0,0.0,0.0,30.0,0.00,0,0,0
